Positive Sentiment,Negative Sentiment,Objective Sentiment,Female Orientation,Male Orientation,Number of words
0.06958313613067509,0.07114469799800646,0.8592721658713184,355.0,2719.0,93196.0
0.07884373264260822,0.07337750925061182,0.8477787581067799,206.0,893.0,21738.0
0.079450603033407,0.08308717813114957,0.8374622188354442,4673.0,5753.0,194286.0
0.057816896935933705,0.06615890234833785,0.8760242007157283,761.0,3572.0,125694.0
0.08662404672792583,0.09167807463353514,0.8216978786385386,473.0,547.0,22676.0
0.08191332479960649,0.07966022510072963,0.8384264500996643,199.0,975.0,33762.0
0.06318310537664747,0.07490934093009961,0.8619075536932522,568.0,1361.0,54412.0
0.06814909657019973,0.047499994549044494,0.8843509088807571,1942.0,3037.0,102078.0
0.06842668601399214,0.050773688383875366,0.8807996256021334,1754.0,3431.0,92338.0
0.07161891250474675,0.06957613720108359,0.8588049502941705,2409.0,1321.0,97913.0
0.07062600027331949,0.08755822184792199,0.8418157778787585,4501.0,1724.0,99227.0
0.07695926716593242,0.08380341463825854,0.8392373181958102,4194.0,4884.0,139853.0
0.08169001348187695,0.08279272015635968,0.835517266361762,2520.0,2288.0,93446.0
0.07542349273318447,0.08067780521191498,0.8438987020549017,2662.0,3848.0,139425.0
0.08703604153551919,0.08060707547241938,0.832356882992062,1902.0,3251.0,109651.0
0.07577509448247124,0.08648535875123309,0.8377395467662956,179.0,1024.0,17462.0
0.08426511550206117,0.08163018344531857,0.834104701052621,669.0,619.0,28028.0
0.06674530946222651,0.0561630970107664,0.8770915935270074,4.0,179.0,6999.0
0.09161306149372987,0.10135789345385537,0.8070290450524138,3639.0,3656.0,118710.0
0.07040444072814753,0.0648371126143469,0.8647584466575053,864.0,2786.0,97270.0
0.05543832986327745,0.07015258460796116,0.874409085528762,1023.0,7305.0,204438.0
0.05730856534248504,0.07363923628936854,0.869052198368147,893.0,1030.0,30470.0
0.07519446322753551,0.08368405375750004,0.841121483014964,3740.0,6559.0,198991.0
0.07529956137062559,0.10667383007150594,0.8180266085578655,630.0,2160.0,115282.0
0.07803052857781523,0.09168281781013576,0.8302866536120489,6771.0,5428.0,149881.0
0.0886784333044447,0.09084276830010286,0.82047879839545,4595.0,4288.0,132384.0
0.08529460861813636,0.08906453646073409,0.8256408549211306,2258.0,3526.0,197669.0
0.0765384582501079,0.08699156821382578,0.8364699735360674,2119.0,3906.0,131509.0
0.08989731243554891,0.09428129276282306,0.8158213948016284,5149.0,4066.0,200015.0
0.04843559933892109,0.07154368766504622,0.880020712996032,677.0,320.0,14687.0
0.06810085453508907,0.08370829898639419,0.8481908464785171,2654.0,2455.0,96782.0
0.08534924318717137,0.09079718801255293,0.8238535688002757,231.0,581.0,17437.0
0.06694270364734518,0.07496474019898436,0.8580925561536721,7417.0,5270.0,214625.0
0.08667474398280277,0.09054784599748449,0.8227774100197117,593.0,1070.0,30376.0
0.07281289519308483,0.07002068160585828,0.857166423201056,1386.0,2180.0,90084.0
0.0659386791634595,0.08299750607877876,0.8510638147577613,1802.0,1440.0,82827.0
0.07767458633640173,0.07324568603874482,0.8490797276248531,671.0,1621.0,43511.0
0.06734813438222591,0.07322258736107375,0.8594292782566996,1445.0,2398.0,70280.0
0.09082794247435769,0.09409817182098876,0.8150738857046537,921.0,292.0,35160.0
0.06778600300390294,0.07796448073154562,0.854249516264552,1165.0,3920.0,90829.0
0.07136389098451473,0.07554154116914952,0.8530945678463342,2707.0,4350.0,122985.0
0.07479534421991779,0.08582261506402925,0.8393820407160549,2413.0,3331.0,140293.0
0.0756263123058167,0.07774929781639678,0.8466243898777869,1704.0,2416.0,71172.0
0.07667819264819764,0.08795063040662746,0.8353711769451752,1271.0,3372.0,105417.0
0.08237468447910791,0.07217145977907909,0.8454538557418125,1520.0,1048.0,54873.0
0.06666456184618065,0.07850920380052993,0.8548262343532911,3836.0,2068.0,210626.0
0.06527064849723571,0.08153307317942861,0.8531962783233347,89.0,1079.0,84965.0
0.08199003910701942,0.08975867564627397,0.8282512852467063,1533.0,2180.0,80567.0
0.08293879406646844,0.08920932852381686,0.8278518774097142,1513.0,2107.0,64900.0
0.07712890372283274,0.07400267800567537,0.8488684182714916,778.0,3300.0,100127.0
0.07857216544544161,0.07357306516903592,0.8478547693855225,75.0,350.0,12423.0
0.08638845810493534,0.08679433252209114,0.8268172093729736,3265.0,5063.0,135743.0
0.07896150111725678,0.0790811962543306,0.8419573026284134,5664.0,4382.0,224950.0
0.0653226434794737,0.08204484023736623,0.8526325162831598,1629.0,2290.0,80052.0
0.06402944322228181,0.06610107294442585,0.8698694838332919,991.0,2252.0,60193.0
0.07117475582780079,0.0739118993253977,0.8549133448468021,2147.0,5136.0,149376.0
0.06786310830524264,0.06096364054403727,0.8711732511507199,10.0,266.0,6477.0
0.074933304714606,0.08513340665498796,0.839933288630406,4012.0,6686.0,223920.0
0.0752514730887124,0.07587939661040873,0.8488691303008782,1875.0,5748.0,177925.0
0.07223005235337897,0.0840410389518718,0.8437289086947469,3065.0,2648.0,127942.0
0.07851224516633788,0.07440353987140966,0.8470842149622522,1876.0,2753.0,90690.0
0.07543643092076462,0.07447674850567818,0.8500868205735612,3192.0,5309.0,202917.0
0.06667293042754775,0.08053161810789473,0.8527954514645578,3007.0,1635.0,89012.0
0.07657869659662594,0.09985964261711719,0.8235616607862568,3141.0,1889.0,151162.0
0.08489633623581191,0.08673048679348104,0.8283731769707078,3792.0,2309.0,102940.0
0.08445632901858455,0.0873768604189952,0.8281668105624201,1029.0,1074.0,41579.0
0.06820106720924947,0.07384656578932616,0.8579523670014241,1068.0,5329.0,116811.0
0.07070909712615499,0.07959928794581214,0.8496916149280347,2456.0,5289.0,151107.0
0.07925375593874699,0.08183621903130234,0.8389100250299517,2517.0,2742.0,129983.0
0.08465330169024686,0.09821547352527622,0.8171312247844764,2772.0,1374.0,86461.0
0.07689786085025418,0.10286493321079371,0.8202372059389528,1280.0,1038.0,45796.0
0.06260356358676578,0.07041479717573682,0.8669816392374977,685.0,5397.0,121644.0
0.08269220808804266,0.08380272524955468,0.8335050666624038,3357.0,5166.0,188085.0
0.07730785874853281,0.08081569260678167,0.8418764486446844,2434.0,3170.0,107721.0
0.07173286666583334,0.08803887486981939,0.8402282584643466,1957.0,1916.0,78130.0
0.08006943099394541,0.08795715852586432,0.8319734104801911,4235.0,3458.0,125838.0
0.06696157412183942,0.07859198899502226,0.8544464368831398,1101.0,2437.0,157059.0
0.07325783170899347,0.07426204168600055,0.8524801266050066,1581.0,1795.0,87091.0
0.07540045623808826,0.08332199181518177,0.8412775519467297,1349.0,1707.0,85775.0
0.07946017215468396,0.08418297468254404,0.8363568531627721,1283.0,1831.0,113334.0
0.06562382970497724,0.07352864047598555,0.8608475298190379,606.0,2151.0,69658.0
0.0994570143278893,0.09947929475857217,0.8010636909135388,313.0,419.0,21971.0
0.09100417729094107,0.10965208934082439,0.7993437333682343,778.0,385.0,26446.0
0.09178246824801438,0.09799651919320626,0.8102210125587788,1378.0,784.0,30622.0
0.08140437879142937,0.10201255667092599,0.8165830645376448,628.0,297.0,29537.0
0.07681471980420573,0.0826182985336187,0.8405669816621764,1945.0,1419.0,73255.0
0.06489237332187307,0.09008676469655835,0.8450208619815714,6995.0,6690.0,216440.0
0.07378580428956046,0.07942737452866365,0.8467868211817755,5686.0,4964.0,221184.0
0.06962633446903582,0.06849151687238937,0.861882148658575,17.0,93.0,5334.0
0.05634987999060695,0.07819613441448554,0.8654539855949075,7004.0,7903.0,231022.0
0.07963056806436812,0.06791057345365821,0.8524588584819738,899.0,3319.0,106774.0
0.07669984364230281,0.07527566800341874,0.848024488354281,3216.0,5572.0,192996.0
0.06721209698689387,0.08613209654270235,0.8466558064704024,5414.0,5029.0,179957.0
0.08685826678856573,0.08381956515643976,0.8293221680549963,874.0,2650.0,86851.0
0.083420347823789,0.09216860387494058,0.8244110483012702,3591.0,5970.0,188983.0
0.07138850708753043,0.07418640905409823,0.8544250838583728,742.0,4158.0,92633.0
0.074032928056949,0.08092822484701653,0.8450388470960369,4182.0,6638.0,278781.0
0.07279447169525696,0.10180516474255069,0.8254003635621929,659.0,1103.0,27080.0
0.08115931892925489,0.08222097078331375,0.8366197102874297,1269.0,3358.0,111845.0
0.07389676555220677,0.0727877953444202,0.8533154391033726,635.0,1194.0,55885.0
0.07076927540298254,0.07887803447519037,0.8503526901218267,1663.0,2970.0,93193.0
0.0744644286262562,0.08402743053545941,0.8415081408382832,2422.0,1535.0,115424.0
0.08082994314113902,0.07777689657077362,0.8413931602880883,626.0,653.0,32883.0
0.09358645300918673,0.0883833321208515,0.8180302148699601,3439.0,5376.0,167889.0
0.08539628974707547,0.09050384881034938,0.8240998614425749,325.0,450.0,60765.0
0.0810102222867474,0.09825993141507403,0.8207298462981792,1537.0,1654.0,56650.0
0.07338369635331696,0.07385711975771433,0.8527591838889672,4380.0,4009.0,208578.0
0.08363720888422456,0.10872391900278451,0.8076388721129928,5832.0,5072.0,236138.0
0.06775413051864468,0.07389130055280335,0.8583545689285532,3569.0,4051.0,183730.0
0.08867076283634237,0.09690245720255576,0.814426779961101,5763.0,3801.0,163572.0
0.05809225249868749,0.07066115821292973,0.871246589288382,4231.0,3927.0,133601.0
0.07297232392723495,0.08187579995975602,0.8451518761130099,939.0,2219.0,75199.0
0.07561502585022155,0.08055796695759265,0.843827007192186,3895.0,6039.0,217013.0
0.07284202325750196,0.06788567317681378,0.8592723035656837,559.0,3159.0,84314.0
0.08553885191108546,0.08872381509244472,0.8257373329964695,1193.0,3318.0,96349.0
0.0782932322373764,0.07570944461646717,0.8459973231461576,2751.0,2170.0,89116.0
0.07599376943158069,0.1091458106897839,0.8148604198786358,244.0,630.0,27036.0
0.06594014292567134,0.07916374581161228,0.8548961112627155,2333.0,3412.0,130175.0
0.07186874187707266,0.08508560120789395,0.8430456569150345,3771.0,6633.0,191324.0
0.09457605341365287,0.09423848139416362,0.8111854651921828,1598.0,900.0,66584.0
0.07734498848198412,0.08698813242599586,0.8356668790920193,1881.0,2527.0,95508.0
0.0793524045843571,0.08038562646155328,0.8402619689540907,4634.0,3266.0,150147.0
0.058163252875851605,0.06752337284214999,0.8743133742819974,813.0,3215.0,116097.0
0.08658374570486417,0.08802735078121601,0.8253889035139201,744.0,1008.0,43424.0
0.07907430200675815,0.08057602464277681,0.8403496733504646,1042.0,3666.0,118132.0
0.06539828453261631,0.08638482168132935,0.8482168937860538,4913.0,5025.0,165547.0
0.07673052132155983,0.09100448755280233,0.8322649911256373,1361.0,2247.0,88120.0
0.08020706327069484,0.0771528950177266,0.8426400417115772,1626.0,3255.0,89373.0
0.08688847888097918,0.08753985366994149,0.825571667449078,2074.0,4019.0,118338.0
0.08461431056192226,0.0771885449774826,0.8381971444605948,193.0,396.0,13152.0
0.0766737975266024,0.09156743396491253,0.8317587685084853,3104.0,5964.0,163774.0
0.06732803147184586,0.077092123749074,0.8555798447790793,1297.0,4072.0,112245.0
0.05859265640468804,0.08213051388677588,0.859276829708535,918.0,1497.0,74973.0
0.06487391500711524,0.09127074315158897,0.8438553418412962,5323.0,2753.0,159554.0
0.07210155515954435,0.09393961349395165,0.8339588313465044,3443.0,6028.0,198425.0
0.07531255457194648,0.08615106836417274,0.8385363770638812,2410.0,748.0,82729.0
0.058582538406481255,0.058218501968818635,0.8831989596246991,2965.0,2095.0,132380.0
0.08538969913196862,0.10359605040077864,0.8110142504672543,1791.0,4567.0,125054.0
0.08754576802704149,0.09218242132569998,0.8202718106472571,3187.0,3008.0,101750.0
0.06355777724278677,0.059375558038603234,0.8770666647186095,337.0,889.0,36804.0
0.06793970843273968,0.08229177793741883,0.8497685136298421,1051.0,2943.0,75627.0
0.07101311756990508,0.07664078816200305,0.8523460942680905,1169.0,3555.0,110076.0
0.07520080148438726,0.08861058008813852,0.8361886184274734,4869.0,3806.0,198026.0
0.0814031942939168,0.07956339599902645,0.8390334097070565,944.0,3847.0,111840.0
0.08154656774026338,0.08656287986442517,0.8318905523953127,2146.0,2140.0,70076.0
0.08124434933300563,0.09203234483293013,0.8267233058340647,598.0,2207.0,73360.0
0.07809191104023276,0.09466339129334977,0.8272446976664185,1404.0,3239.0,102871.0
0.0738151303897196,0.0755877153389529,0.8505971542713303,2668.0,5064.0,151251.0
0.07021268479951462,0.08035300638575527,0.8494343088147284,1170.0,2914.0,122275.0
0.06452226526699,0.07437048321910712,0.8611072515139028,191.0,894.0,24180.0
0.07527212194706684,0.09574125232852791,0.8289866257244067,3765.0,6106.0,228396.0
0.0769564704179879,0.08357315909234242,0.8394703704896708,1279.0,1445.0,95403.0
0.08478452510829645,0.0761212711164433,0.8390942037752601,257.0,386.0,32000.0
0.06295175804660633,0.07542849799529831,0.8616197439580952,1992.0,3117.0,118177.0
0.07637869855329844,0.0822653933618396,0.8413559080848622,1379.0,3396.0,143074.0
0.07632427862573354,0.08909449545024437,0.8345812259240217,3100.0,3963.0,84608.0
0.05373806941820531,0.06520267830957031,0.8810592522722239,1124.0,2303.0,74210.0
0.08091268479863127,0.09029347467350662,0.8287938405278618,3340.0,5898.0,196372.0
0.06559344633246601,0.07297193781873716,0.8614346158487967,722.0,231.0,33589.0
0.0703987559695559,0.08267779600761078,0.8469234480228363,10188.0,3138.0,196303.0
0.07269904806898028,0.08785710055117567,0.8394438513798458,1555.0,5832.0,201858.0
0.0740712389893817,0.0816897968679341,0.8442389641426837,6765.0,7202.0,232043.0
0.06046861858988137,0.08398370574454476,0.8555476756655723,1562.0,6386.0,106452.0
0.05460215932266528,0.06260330232077066,0.8827945383565637,205.0,1849.0,73577.0
0.07090273388674476,0.07033465198614416,0.8587626141271114,2875.0,2498.0,113078.0
0.06971388328178078,0.07067401554626435,0.8596121011719557,858.0,1259.0,54339.0
0.08389485720713083,0.09439106244287128,0.8217140803499973,1037.0,1829.0,108964.0
0.06783185896056708,0.08388764027530225,0.8482805007641314,1043.0,1691.0,45766.0
0.07295579372745409,0.0684165144984159,0.8586276917741296,1011.0,3200.0,100693.0
0.07767378400908356,0.0742012482794982,0.848124967711417,1779.0,1869.0,105281.0
0.07181080842508447,0.06090860996234244,0.8672805816125738,2027.0,2575.0,98158.0
0.08287842083152111,0.0791270883091162,0.8379944908593625,1827.0,1842.0,72519.0
0.060385248873523666,0.07018261729745406,0.8694321338290226,515.0,1904.0,51754.0
0.06181550890437824,0.08569088186386925,0.8524936092317525,109.0,659.0,18039.0
0.06871056658206555,0.07121102276436198,0.8600784106535716,1015.0,2744.0,80297.0
0.0630513539773585,0.07345693471706834,0.8634917113055726,190.0,593.0,19025.0
0.0691472372914327,0.07801394592900233,0.8528388167795651,50.0,753.0,22451.0
0.05904113123117207,0.06585327070314184,0.875105598065686,42.0,705.0,17505.0
0.06924138854715324,0.0934281656544361,0.83733044579841,380.0,977.0,24272.0
0.07800001068346606,0.09291731085577552,0.8290826784607584,1389.0,2174.0,71889.0
0.08792288449287282,0.08466020956761407,0.8274169059395119,2839.0,6447.0,217688.0
0.0763430318670191,0.07284328695002007,0.8508136811829612,1088.0,3245.0,91276.0
0.08328259477023621,0.08843957566960907,0.8282778295601553,2691.0,2641.0,114201.0
0.07041234149472853,0.06292661036372592,0.8666610481415461,1028.0,1588.0,64021.0
0.08164867410202363,0.08192983931634107,0.8364214865816348,1768.0,2769.0,105392.0
0.07387372763946079,0.08388105848200522,0.8422452138785349,541.0,2831.0,80868.0
0.0774239180336856,0.08767052933117206,0.8349055526351423,1627.0,1699.0,63603.0
0.06794532660833244,0.09198564097162908,0.8400690324200394,1222.0,3699.0,105556.0
0.07012516867239849,0.07393068422426151,0.8559441471033399,1332.0,4073.0,141789.0
0.07169721470950147,0.08228973220832116,0.8460130530821784,1708.0,3549.0,118589.0
0.076707622045103,0.08215500735038082,0.8411373706045145,1028.0,1485.0,94985.0
0.07160035905281155,0.08997065338438284,0.8384289875628052,215.0,153.0,19563.0
0.07358150400239821,0.07690812243998363,0.8495103735576169,1059.0,3861.0,96738.0
0.07376076490368488,0.0842674839016561,0.8419717511946595,2620.0,860.0,115148.0
0.07682160571642956,0.08835704836508014,0.8348213459184908,965.0,1735.0,46126.0
0.06931663697847276,0.08300432448010264,0.8476790385414236,1016.0,3514.0,77803.0
0.07144209233440377,0.08122646280089041,0.8473314448647048,2267.0,5058.0,136525.0
0.06161547723592405,0.07708396053615976,0.8613005622279171,1440.0,3465.0,96641.0
0.06510358327889613,0.05253980128036071,0.8823566154407436,909.0,1961.0,80950.0
0.08859935921838821,0.10795472955620693,0.8034459112254061,1341.0,2286.0,85518.0
0.06522366272817655,0.08522016610853868,0.8495561711632849,601.0,750.0,39738.0
0.07486658719358688,0.07525175053154103,0.8498816622748709,1745.0,3243.0,101226.0
0.08486094145450056,0.07186571688825294,0.8432733416572473,603.0,728.0,40012.0
0.06611135975416133,0.0892396711325936,0.8446489691132454,1086.0,1212.0,42376.0
0.07419009153446052,0.07962086610875692,0.8461890423567832,2335.0,3535.0,116858.0
0.06967383347950787,0.06927247313870745,0.8610536933817841,22.0,455.0,11067.0
0.0793101443059777,0.09488442793583064,0.8258054277581928,3493.0,1920.0,92087.0
0.08171463539226081,0.08138561781473551,0.8368997467930035,440.0,917.0,68697.0
0.06068506417928133,0.06558879373204383,0.8737261420886754,75.0,260.0,17056.0
0.062330402157476233,0.06837353426127428,0.8692960635812491,3198.0,2052.0,109942.0
0.07594783862119739,0.0800294176567501,0.8440227437220503,2639.0,1615.0,99730.0
0.05675555438295329,0.0793966505391481,0.8638477950778984,650.0,687.0,44940.0
0.06591929706839783,0.0947005810604993,0.8393801218711031,906.0,292.0,37280.0
0.06883075581089204,0.05725479596538036,0.8739144482237283,2556.0,4251.0,142831.0
0.09158585621858716,0.1055834902903272,0.8028306534910856,407.0,944.0,41120.0
0.06372823181107969,0.0688278255914891,0.8674439425974312,2.0,408.0,13217.0
0.06408261872549208,0.06283982401341244,0.873077557261095,1227.0,2293.0,62224.0
0.07355660797811658,0.07688098983836668,0.8495624021835168,2402.0,3183.0,121380.0
0.07437035513799459,0.08194491411208504,0.8436847307499198,1413.0,4148.0,93066.0
0.07856004453166576,0.08367856412147409,0.837761391346859,3104.0,3509.0,96994.0
0.08801298870012565,0.10514475957398081,0.806842251725897,2474.0,3935.0,194515.0
0.0858642334514638,0.09499572246114188,0.8191400440873948,1895.0,4653.0,214108.0
0.07257241321111217,0.07648463641888109,0.8509429503700071,726.0,606.0,41816.0
0.08846639826969042,0.08950899991673845,0.8220246018135705,463.0,254.0,27636.0
0.09221307402749365,0.09867542745426697,0.8091114985182395,622.0,1758.0,70651.0
0.0813138275197729,0.07133130668476606,0.8473548657954609,2613.0,1653.0,76110.0
0.0680921494894217,0.06158332197940034,0.8703245285311788,560.0,659.0,93876.0
0.06404476466091624,0.07437602867882173,0.8615792066602616,733.0,2111.0,102387.0
0.07704718357122775,0.0814218926915862,0.8415309237371854,2917.0,2738.0,107855.0
0.08523855134109345,0.09247802596960417,0.822283422689303,1060.0,3546.0,178547.0
0.07114360268946052,0.07221995834421092,0.8566364389663291,475.0,2073.0,56841.0
0.08689582776858519,0.10317949093983911,0.8099246812915767,4423.0,3542.0,161587.0
0.08000442252983656,0.08179156326028351,0.8382040142098807,4531.0,2849.0,144101.0
0.0789472324938094,0.08273490422765827,0.8383178632785317,2365.0,3807.0,114475.0
0.06893555066530063,0.07945656349341645,0.8516078858412824,1085.0,1683.0,67880.0
0.08509460759122521,0.09801502826799391,0.8168903641407826,4942.0,3846.0,182901.0
0.06847628746151609,0.08222362224008646,0.8493000902983966,728.0,2034.0,72392.0
0.08821356811264602,0.09759465459727422,0.8141917772900784,4516.0,2137.0,198394.0
0.08252382106606508,0.08797021615097213,0.8295059627829626,2660.0,4241.0,145611.0
0.0740668704638929,0.09309237107871961,0.8328407584573877,575.0,1262.0,40663.0
0.07859515648065699,0.07258916472664864,0.8488156787926966,1101.0,3728.0,116991.0
0.0790985737723255,0.08598308464547871,0.8349183415821969,1958.0,1993.0,73860.0
0.07609574723177893,0.07876522536865932,0.8451390273995624,1826.0,702.0,59264.0
0.08226705141234636,0.08068501101058141,0.8370479375770719,1496.0,2678.0,113746.0
0.06438332277420694,0.06775221434897999,0.8678644628768126,1113.0,2098.0,66695.0
0.0739417032745978,0.0706189865594148,0.855439310165989,1039.0,2397.0,106812.0
0.0730794159220374,0.07829120887206828,0.8486293752058947,188.0,647.0,18473.0
0.07387881005249732,0.07678544263085328,0.8493357473166495,174.0,717.0,28202.0
0.06540846140747145,0.07053204901725829,0.8640594895752706,159.0,364.0,11637.0
0.08921967106612105,0.10229991138660628,0.8084804175472747,4049.0,3743.0,197849.0
0.06955476796505927,0.0856232264821877,0.844822005552751,549.0,1841.0,101056.0
0.06868718864424711,0.08138153433114866,0.8499312770246041,97.0,295.0,12200.0
0.0731447162108154,0.08142376145349595,0.8454315223356892,103.0,1763.0,35015.0
0.07232983313654714,0.07562292293019837,0.8520472439332538,342.0,387.0,17697.0
0.07047312265543017,0.07134632566795075,0.8581805516766181,481.0,721.0,26086.0
0.06373273745141947,0.0574005324342072,0.8788667301143732,156.0,1683.0,54664.0
0.06806155027139353,0.07040751247348505,0.8615309372551205,2007.0,6699.0,186998.0
0.06420810769827716,0.0857548459607048,0.850037046341018,79.0,409.0,13510.0
0.0756897739725023,0.06861366466180246,0.8556965613656948,1152.0,733.0,50107.0
0.08283684002953767,0.09402588886971205,0.8231372711007509,398.0,550.0,23174.0
0.06303026513714727,0.06731609014951526,0.8696536447133372,705.0,1125.0,52472.0
0.07311959629320254,0.08225342088203667,0.8446269828247603,1498.0,3782.0,113103.0
0.08951786558829182,0.09768563171038502,0.8127965027013241,2022.0,2370.0,82100.0
0.08091718995091321,0.08462669009608421,0.8344561199530025,5394.0,5685.0,205153.0
0.0823278493060686,0.08215179879149956,0.8355203519024319,244.0,799.0,13671.0
0.0812706869318006,0.08535829977151715,0.8333710132966822,447.0,918.0,23857.0
0.07339707623499712,0.07903988091537134,0.8475630428496316,718.0,1007.0,25144.0
0.07969747191906332,0.09658466557431722,0.8237178625066175,3773.0,1970.0,108568.0
0.060173298865076004,0.06724953354028629,0.8725771675946357,446.0,3400.0,119098.0
0.07785576550819194,0.07811933223958134,0.8440249022522257,2484.0,1761.0,91354.0
0.06573498146485195,0.059962668213523876,0.8743023503216241,872.0,2528.0,86524.0
0.06987153907469315,0.08983840824737811,0.8402900526779282,160.0,304.0,13009.0
0.06443587816011549,0.06978886286088985,0.8657752589789944,0.0,574.0,12326.0
0.07104815408222967,0.07338363583861834,0.8555682100791525,2615.0,2652.0,109039.0
0.09203711015395984,0.07925528671682189,0.828707603129218,262.0,431.0,12781.0
0.0571855100300837,0.05124714870009198,0.8915673412698217,1822.0,2246.0,94718.0
0.05730881285646999,0.07464747419520465,0.8680437129483249,168.0,736.0,20721.0
0.06439107463500783,0.07614569322391875,0.859463232141073,232.0,640.0,19309.0
0.07066608845267154,0.08074587371906615,0.8485880378282624,260.0,1610.0,34275.0
0.06030491377953045,0.07065769965648011,0.8690373865639899,333.0,528.0,16749.0
0.06368112326176933,0.06999990316803632,0.8663189735701945,429.0,906.0,22747.0
0.06458520792352489,0.06239512844594277,0.8730196636305311,3678.0,4627.0,164502.0
0.06572219682532482,0.07665576708408348,0.8576220360905908,1665.0,2363.0,123388.0
0.07031494814696977,0.07226099480039543,0.8574240570526327,1605.0,3178.0,119465.0
0.07011208269761045,0.06342014844815758,0.866467768854232,824.0,1701.0,101956.0
0.07746843322582447,0.08588389958166354,0.8366476671925097,3171.0,2559.0,142240.0
0.08350043714510913,0.1059445836160605,0.8105549792388317,4900.0,2608.0,143662.0
0.0649409327361649,0.07091371317628446,0.8641453540875508,1808.0,3215.0,120192.0
0.062108742441719704,0.0678330415674155,0.870058215990864,851.0,2348.0,66487.0
0.07812101532011309,0.0809444767348155,0.8409345079450705,2957.0,4849.0,117401.0
0.06905314941306356,0.08121504534964073,0.8497318052372952,660.0,6243.0,131997.0
0.07075516433085768,0.08557595582060001,0.8436688798485424,2151.0,1989.0,124487.0
0.0783618622185609,0.07884664651311245,0.8427914912683264,2339.0,1828.0,113561.0
0.07219893581610133,0.07138869461582528,0.8564123695680744,966.0,3041.0,91078.0
0.07874823025720368,0.08456437368125583,0.8366873960615403,4241.0,2813.0,154054.0
0.06918753678469143,0.0658398357851598,0.8649726274301484,1280.0,4181.0,187226.0
0.07286101534628667,0.09604066324115115,0.8310983214125612,1645.0,2802.0,120094.0
0.06964038674026451,0.08795360531998625,0.8424060079397495,3817.0,3531.0,197952.0
0.08531943938099784,0.08336151399135558,0.8313190466276456,965.0,1190.0,79316.0
0.06407573027845338,0.05706074987584469,0.8788635198457012,64.0,920.0,37760.0
0.09717448505873577,0.09060175544753828,0.8122237594937267,1872.0,2128.0,78035.0
0.07968811336323066,0.09135758995202387,0.8289542966847442,2165.0,7743.0,197318.0
0.0846404047196305,0.09371260233670216,0.8216469929436674,1810.0,1733.0,93596.0
0.06108130435523759,0.07032902353103895,0.8685896721137234,89.0,106.0,9806.0
0.08216975400332009,0.10158352871111019,0.8162467172855695,629.0,1184.0,31913.0
0.07042986631404663,0.07421413437449229,0.855355999311461,595.0,1784.0,90973.0
0.06842536406790166,0.06976129171928329,0.8618133442128156,1340.0,3292.0,139409.0
0.058427021767617354,0.061030102112306354,0.8805428761200765,887.0,2626.0,101063.0
0.0903042606299506,0.09042011765755446,0.8192756217124935,800.0,1999.0,89952.0
0.07707252754923896,0.07294005638031707,0.8499874160704437,4308.0,1730.0,123791.0
0.08003177011626604,0.07843375309655298,0.8415344767871816,2893.0,2935.0,148974.0
0.08455039856662318,0.10092384750751089,0.8145257539258681,6655.0,4705.0,227582.0
0.0892779395103454,0.08241197904565219,0.8283100814440026,1395.0,1917.0,76938.0
0.06905894054121112,0.07574111596500946,0.8551999434937783,2144.0,1895.0,89819.0
0.0806674454510019,0.10118098860717198,0.8181515659418266,5653.0,5460.0,172392.0
0.08382771348787225,0.10114495525509618,0.8150273312570327,7038.0,7229.0,239707.0
0.05376810018881055,0.05779144809349083,0.8884404517176994,753.0,1753.0,89710.0
0.08463732009816316,0.08437473379519997,0.8309879461066364,1595.0,3778.0,95254.0
0.07832560486439095,0.08981614291839919,0.8318582522172093,762.0,1855.0,90202.0
0.07035037973142985,0.07990192502971374,0.8497476952388555,1449.0,3223.0,78867.0
0.0693448491245241,0.0635856408992025,0.8670695099762733,899.0,2513.0,98705.0
0.07206195875615858,0.07190742292851866,0.8560306183153209,1239.0,2268.0,100693.0
0.07257807300489166,0.07347414646534482,0.8539477805297659,5253.0,5870.0,179913.0
0.05857079760996625,0.07879388461768372,0.8626353177723488,719.0,6452.0,122254.0
0.06628850759665804,0.052043317953236724,0.8816681744501048,694.0,2275.0,68809.0
0.06627385809703065,0.07696619618093598,0.8567599457220327,1151.0,3906.0,84930.0
0.07165262068660436,0.06382576755351975,0.8645216117598742,531.0,2476.0,73495.0
0.08070463315733667,0.08757624157254366,0.8317191252701196,2612.0,925.0,91338.0
0.07387342033871831,0.07916835898981445,0.8469582206714671,2428.0,3713.0,113064.0
0.06671431470428127,0.08340898365450948,0.8498767016412084,3280.0,3839.0,119598.0
0.07578847389654504,0.08917032569131429,0.83504120041214,2267.0,1593.0,76453.0
0.07609341632317972,0.07892216358491212,0.844984420091907,1421.0,1772.0,74061.0
0.07972561524255042,0.07926369966897101,0.8410106850884808,1871.0,3857.0,140552.0
0.07348264436815537,0.07807582897145444,0.8484415266603895,1153.0,817.0,52020.0
0.0732057661281314,0.07046583734761482,0.8563283965242537,1477.0,3097.0,109834.0
0.07647167548008124,0.07616821877000321,0.8473601057499154,2762.0,2049.0,108377.0
0.07935096784947891,0.08166751752313678,0.8389815146273836,1642.0,3099.0,91365.0
0.08032990655959651,0.10243873946316007,0.8172313539772446,2961.0,2723.0,96784.0
0.07223550924741759,0.0725138239363258,0.8552506668162569,356.0,890.0,22320.0
0.07043922394078926,0.08854203740616602,0.8410187386530447,2456.0,2721.0,110261.0
0.05117093956523393,0.058362105873403035,0.8904669545613633,234.0,1862.0,63916.0
0.07092061206203311,0.0612520765268771,0.8678273114110895,664.0,2273.0,78017.0
0.07898285800027216,0.09382273888915402,0.8271944031105728,3617.0,1389.0,107422.0
0.08827929018236735,0.08262990836259307,0.8290908014550391,2259.0,3026.0,80378.0
0.07355111771343924,0.07679098589124206,0.8496578963953185,2919.0,2512.0,137916.0
0.07339618101442054,0.11051211432373949,0.8160917046618392,1456.0,1507.0,64813.0
0.0740232324933932,0.10010981900215811,0.8258669485044483,240.0,530.0,14548.0
0.059823321820410245,0.0628773420216231,0.8772993361579663,3050.0,8789.0,238072.0
0.07372595281363643,0.07700637362792453,0.8492676735584364,2790.0,2708.0,112353.0
0.06798472158005112,0.07404738515294984,0.8579678932669982,3295.0,6318.0,181719.0
0.05904083923053591,0.07485864796555246,0.8661005128039102,1026.0,3604.0,108214.0
0.07238657594769407,0.07274199132482413,0.854871432727482,1027.0,1878.0,72097.0
0.06407031180276157,0.06168184249457761,0.8742478457026599,645.0,826.0,46592.0
0.06816515356643997,0.07487444760134823,0.8569603988322108,1032.0,1766.0,73175.0
0.06924406819740667,0.06957425849431949,0.8611816733082744,94.0,2744.0,87798.0
0.07675974973378197,0.07559543060536475,0.847644819660853,1512.0,1083.0,67118.0
0.07090678508838955,0.08332397897317016,0.8457692359384404,2631.0,3183.0,120183.0
0.06476309541372645,0.06480041163422993,0.8704364929520432,210.0,5544.0,174307.0
0.07188689293288449,0.07796893855849492,0.8501441685086207,2096.0,6711.0,151167.0
0.07824394008484174,0.09840631182635173,0.8233497480888037,5319.0,5262.0,178425.0
0.0751604967565384,0.08600999808326391,0.8388295051601996,5045.0,3759.0,184190.0
0.08052146074124394,0.09760177074431091,0.8218767685144465,7624.0,3477.0,192380.0
0.07805134547150168,0.09649064901504276,0.8254580055134545,3479.0,2308.0,107141.0
0.07111761288716256,0.06308649493252881,0.8657958921803075,232.0,1302.0,79430.0
0.08457654474699239,0.09783324744096872,0.8175902078120381,2621.0,1908.0,81574.0
0.07457876395365406,0.061147475423238895,0.864273760623107,886.0,2544.0,82683.0
0.06827796709849104,0.0623410725240326,0.8693809603774749,1519.0,2070.0,168300.0
0.08289016920910723,0.09463634177504017,0.8224734890158537,3901.0,3141.0,162327.0
0.0684863011625772,0.06388751187999932,0.8676261869574242,803.0,2351.0,98186.0
0.07021996393242837,0.08112794417227125,0.8486520918953012,4185.0,4361.0,124329.0
0.07500291329088304,0.08464021838809457,0.8403568683210216,1055.0,542.0,31662.0
0.08743810712964918,0.09200246210087437,0.8205594307694769,2214.0,3206.0,144927.0
0.07032309074483846,0.07526651222258283,0.8544103970325787,318.0,1689.0,56630.0
0.07783400740215925,0.09762952816021622,0.8245364644376255,2841.0,1447.0,57497.0
0.06859044448619801,0.08476755694046469,0.846641998573338,510.0,1328.0,31778.0
0.06625692046697758,0.06595075375741354,0.8677923257756075,1997.0,1187.0,75038.0
0.0825529638674169,0.09017670876078694,0.8272703273717966,2190.0,5315.0,142434.0
0.08784290426327677,0.08551855853989511,0.8266385371968286,941.0,1274.0,50175.0
0.0595691242532266,0.058045969764773823,0.8823849059820003,1026.0,1981.0,93859.0
0.07299360694573603,0.07348947370526561,0.8535169193489995,1536.0,2106.0,119941.0
0.06507223595621353,0.05793571813865159,0.8769920459051361,2187.0,4675.0,152761.0
0.06332208121775663,0.06496406288168456,0.871713855900559,688.0,790.0,31594.0
0.06433644667100669,0.06884663132127387,0.8668169220077196,336.0,1285.0,63449.0
0.06569697836905009,0.08115907371298077,0.8531439479179685,373.0,924.0,41276.0
0.07813573163312891,0.09692579906995644,0.8249384692969151,6781.0,4599.0,207764.0
0.07417392195715196,0.07700728094547685,0.84881879709737,240.0,1093.0,76048.0
0.07000821141578503,0.06875009759676709,0.8612416909874457,893.0,2413.0,89057.0
0.07796969629773574,0.09511824663538136,0.8269120570668826,5423.0,4701.0,119792.0
0.07912210377157808,0.07917281170687829,0.8417050845215427,1793.0,3145.0,77988.0
0.06925131403634123,0.0758287539251423,0.8549199320385187,3844.0,2761.0,135983.0
0.07149000551858038,0.06474696756128001,0.8637630269201396,254.0,1452.0,85943.0
0.07652173252514513,0.08232939166914985,0.8411488758057049,2596.0,1673.0,58115.0
0.07267233470527516,0.0716300903429988,0.8556975749517263,875.0,2963.0,92514.0
0.07244470711591378,0.08703639692579031,0.8405188959582963,2496.0,2103.0,80316.0
0.07591642084957996,0.07203972386876986,0.8520438552816493,1393.0,5908.0,186389.0
0.05736000836830136,0.07926264664947148,0.8633773449822273,30.0,274.0,11191.0
0.06671145124884784,0.0699950640698893,0.8632934846812628,1091.0,3541.0,141676.0
0.07324730616713021,0.0757752619868697,0.8509774318459993,687.0,1687.0,81613.0
0.0695843765296434,0.0762620149869405,0.8541536084834151,243.0,1331.0,48032.0
0.07015717846780048,0.08025075876058536,0.8495920627716148,659.0,1582.0,53724.0
0.06525212386464976,0.08969210306679856,0.8450557730685514,2621.0,2839.0,127461.0
0.08777843637796715,0.08513352529652454,0.827088038325511,2384.0,6746.0,241429.0
0.07188139569862348,0.06242639763910362,0.8656922066622726,425.0,1682.0,54502.0
0.0906017558067876,0.0811071280923489,0.8282911161008636,2257.0,6140.0,256940.0
0.08656996452123102,0.10086156646985392,0.8125684690089159,3445.0,3854.0,146570.0
0.06982828954088498,0.07956653519268894,0.8506051752664275,786.0,2373.0,88958.0
0.06887964966285746,0.07711583402628233,0.8540045163108589,272.0,500.0,37664.0
0.07398630489439265,0.10167706238497344,0.8243366327206342,6259.0,5216.0,196598.0
0.07892506618481875,0.08167137869017821,0.8394035551250022,1453.0,2187.0,94610.0
0.0748533444726701,0.09302472009326977,0.8321219354340588,979.0,2038.0,77240.0
0.07836134445437344,0.07328588548716637,0.8483527700584609,2136.0,6463.0,147157.0
0.07471836167785385,0.0781308341897369,0.84715080413241,2166.0,1885.0,66607.0
0.06984023932309592,0.06845579628411075,0.861703964392791,872.0,1948.0,63988.0
0.07280918661794297,0.08388511222879007,0.8433057011532675,508.0,3173.0,99795.0
0.0687965576574962,0.077336427297685,0.8538670150448191,746.0,4482.0,219687.0
0.07222096296698999,0.07174559039412971,0.8560334466388821,2039.0,1987.0,114717.0
0.06711498483110254,0.06513615003706427,0.8677488651318334,1415.0,972.0,79822.0
0.07777172104348892,0.0831829929334213,0.8390452860230894,1259.0,5215.0,171094.0
0.06832711144442478,0.08832900010745942,0.8433438884481163,160.0,1279.0,53861.0
0.07665986166563472,0.0864970801840053,0.8368430581503586,1364.0,3333.0,188919.0
0.07288481900716046,0.07689037875886472,0.850224802233976,810.0,1859.0,92917.0
0.07070132744786059,0.06652577965542708,0.8627728928967142,728.0,2253.0,85662.0
0.06951140396711865,0.09123743979648131,0.8392511562364005,656.0,533.0,31223.0
0.07196339633090364,0.07286014481968137,0.8551764588494127,2694.0,7185.0,140910.0
0.07281522182305195,0.08595909339660111,0.8412256847803501,2529.0,6926.0,262838.0
0.08609426557501698,0.08867788525313706,0.8252278491718453,3597.0,1974.0,136910.0
0.06738187180629153,0.06630747074063002,0.8663106574530778,823.0,1283.0,76816.0
0.0662299183947406,0.07901774885334681,0.8547523327519128,2339.0,4791.0,144453.0
0.07113754024499892,0.0680290433231243,0.8608334164318766,1754.0,2804.0,134795.0
0.08788307893364683,0.0857711750905297,0.826345745975823,2466.0,1389.0,102779.0
0.07022142990677742,0.08299890449079161,0.8467796656024303,1264.0,3397.0,101320.0
0.060328492066903154,0.07384797823361441,0.8658235296994827,538.0,1294.0,58368.0
0.0775740352946985,0.08677331365131519,0.8356526510539876,1792.0,5550.0,250630.0
0.06703020805671742,0.08422636615284072,0.8487434257904408,800.0,2372.0,53048.0
0.08566096525044889,0.10295211732404008,0.8113869174255108,3026.0,2192.0,108357.0
0.0892629079809006,0.09895157659508974,0.81178551542401,3737.0,3496.0,147709.0
0.10203032611454312,0.10359741993266433,0.7943722539527923,486.0,956.0,35314.0
0.05586648295274323,0.06985390546100849,0.8742796115862485,850.0,1754.0,88470.0
0.07876416012531501,0.07991238144642877,0.8413234584282568,1019.0,3712.0,170933.0
0.07840895424398059,0.09308241686457097,0.8285086288914499,1201.0,4567.0,175277.0
0.08116439321559565,0.09417607190417579,0.824659534880228,856.0,683.0,49433.0
0.0815740363287305,0.08099730463008095,0.8374286590411888,5522.0,3641.0,167979.0
0.07274530436872294,0.07108090622097787,0.8561737894102991,396.0,1869.0,68409.0
0.07923011493213479,0.0837701857525548,0.83699969931531,834.0,5052.0,194556.0
0.0787838930895137,0.06698467317872865,0.8542314337317601,1608.0,3897.0,133860.0
0.07311600631815075,0.08411821515493118,0.8427657785269196,2466.0,7538.0,258815.0
0.07625888644671376,0.0858560656899029,0.837885047863383,3596.0,3349.0,141446.0
0.06559083913529186,0.08579233220930209,0.8486168286554067,128.0,583.0,22621.0
0.06768451507586,0.0712416681966498,0.8610738167274915,3505.0,5232.0,158750.0
0.09768708809235427,0.0846663091510634,0.8176466027565844,2117.0,3349.0,92685.0
0.07011364765310593,0.07781459395203744,0.852071758394856,895.0,2950.0,75793.0
0.07095938390389038,0.07160183617694485,0.8574387799191665,1317.0,2801.0,108976.0
0.07197553456539078,0.08486622431820424,0.8431582411164048,2066.0,2760.0,95433.0
0.07238022904149558,0.08042906006084628,0.8471907108976597,1838.0,4456.0,104696.0
0.07528152191851069,0.11252332288573436,0.8121951551957546,1685.0,2745.0,78621.0
0.06462852830653222,0.0623355620881784,0.8730359096052892,2400.0,1586.0,105261.0
0.07162952395849442,0.08322823758243073,0.8451422384590751,442.0,1152.0,34671.0
0.09573538730297591,0.09750315265642669,0.8067614600405985,3216.0,1816.0,96978.0
0.0802832600891717,0.09001358620252639,0.8297031537083029,3197.0,3750.0,125514.0
0.0752945982495028,0.07237817655373614,0.8523272251967627,2655.0,3115.0,116211.0
0.05701695772101671,0.05327948457814311,0.8897035577008395,454.0,2926.0,84171.0
0.08084673655472956,0.08182620133267551,0.8373270621125939,971.0,3388.0,115095.0
0.07791370774801398,0.07287242464040582,0.8492138676115805,1629.0,2089.0,93874.0
0.07892117142788,0.08860120032201628,0.8324776282501034,3405.0,4544.0,182072.0
0.06843397335421929,0.0797292987550841,0.851836727890697,2749.0,3701.0,142924.0
0.08180004459785215,0.08828743884631747,0.8299125165558295,4478.0,2530.0,116576.0
0.0746472565156126,0.09279303284780611,0.8325597106365803,3033.0,2055.0,112549.0
0.058268179849972755,0.06807208951593768,0.8736597306340909,2127.0,2199.0,106978.0
0.08306727596422563,0.083999128646256,0.8329335953895199,2738.0,4423.0,166431.0
0.07059422755669358,0.08293457307461784,0.8464711993686868,2432.0,5624.0,205889.0
0.07443399060199048,0.08239446686219572,0.8431715425358134,2351.0,4884.0,175754.0
0.07112313204478388,0.08439415887056016,0.8444827090846567,1334.0,2370.0,105192.0
0.07904576216804136,0.08833121187303548,0.8326230259589228,3344.0,3824.0,116889.0
0.07663389027235745,0.07699741962343633,0.8463686901042041,852.0,3711.0,124023.0
0.0731073505625749,0.11554208373831788,0.8113505656991069,4263.0,6158.0,185168.0
0.07603620951863244,0.08172025133576516,0.8422435391456023,998.0,2123.0,94302.0
0.07221934573640064,0.0829637143043941,0.8448169399592076,3924.0,3934.0,177194.0
0.05934792204320992,0.06017021349899689,0.8804818644577951,797.0,3365.0,128603.0
0.07626911011240113,0.07414747830454288,0.8495834115830582,2246.0,3042.0,116173.0
0.07639670134623659,0.09207632885257896,0.8315269698011848,776.0,1251.0,47867.0
0.07695379947733251,0.08393842760192086,0.8391077729207458,3483.0,6038.0,251467.0
0.08112294564886159,0.08523947104534695,0.8336375833057911,610.0,2114.0,66251.0
0.07128947856636003,0.09027345452692999,0.8384370669067079,2398.0,5229.0,179523.0
0.08732096189434786,0.1013398121221019,0.8113392259835485,1735.0,3801.0,134923.0
0.08876394857839634,0.09524441365047934,0.8159916377711234,815.0,2486.0,79305.0
0.08218770970157208,0.08789906673690134,0.8299132235615292,2076.0,2278.0,105680.0
0.08268325893221457,0.08526253401685908,0.8320542070509268,522.0,885.0,33786.0
0.07688562425516239,0.08536697180195092,0.837747403942886,1128.0,2443.0,92131.0
0.08450534002698795,0.09142711599103641,0.8240675439819758,1621.0,2967.0,104130.0
0.07987724013108753,0.0858602858331146,0.8342624740357968,1527.0,3137.0,108661.0
0.08296359385578353,0.08875164253254085,0.828284763611676,68.0,88.0,6580.0
0.06424200206928452,0.07442653147886456,0.8613314664518508,881.0,3796.0,137145.0
0.06933509059514842,0.07981059955847644,0.8508543098463744,876.0,2709.0,100930.0
0.07790985358206208,0.07441407337045054,0.8476760730474863,2806.0,3954.0,133758.0
0.0650792317192602,0.08738527094841457,0.8475354973323272,1790.0,2901.0,118179.0
0.07647266678059697,0.07993215537660289,0.8435951778428001,615.0,1612.0,65145.0
0.08378181394499272,0.08560327368293669,0.8306149123720733,2976.0,6414.0,247467.0
0.07278260925523841,0.07238639505833158,0.8548309956864306,3237.0,4146.0,149510.0
0.0726425971440288,0.0823791111438699,0.8449782917121008,1581.0,2650.0,97330.0
0.07476820163473971,0.09109271507732898,0.8341390832879317,151.0,2393.0,46380.0
0.09281182174794136,0.09876106017039012,0.8084271180816689,986.0,1013.0,41681.0
0.07880887249979605,0.10198026627402493,0.8192108612261784,717.0,903.0,36304.0
0.05570289700581333,0.0679210446842208,0.8763760583099646,504.0,2970.0,74523.0
0.07071684009640228,0.08150253475437307,0.8477806251492248,368.0,1930.0,65111.0
0.091538117824584,0.0916517890414876,0.8168100931339292,1352.0,676.0,39567.0
0.07626124042511916,0.07632201817805405,0.8474167413968262,544.0,1086.0,54352.0
0.06609804604242944,0.08629037513500042,0.8476115788225702,497.0,552.0,31395.0
0.08060951113616402,0.07183822185141579,0.8475522670124207,532.0,3319.0,84335.0
0.07922910064389355,0.09552455089805402,0.8252463484580533,623.0,1456.0,43104.0
0.0765937875140682,0.09136801690665128,0.8320381955792806,507.0,1113.0,36762.0
0.07390312916652984,0.07029923544453995,0.8557976353889284,3824.0,1705.0,114968.0
0.06720921452287161,0.07487848374301316,0.8579123017341148,437.0,2312.0,69249.0
0.061313155566479496,0.08767670027477628,0.8510101441587443,314.0,831.0,38558.0
0.07351745270458422,0.0837335370068157,0.8427490102886012,2318.0,2878.0,120187.0
0.07059088934048716,0.07104853939428916,0.858360571265225,1362.0,1656.0,101151.0
0.07707238605512458,0.08798831727164022,0.834939296673234,2014.0,2271.0,85053.0
0.06451970443144249,0.08382493279236827,0.8516553627761888,648.0,1473.0,111253.0
0.07417207730387454,0.0828299134365345,0.8429980092595901,2881.0,1808.0,101498.0
0.08381190136399218,0.08086277355967489,0.835325325076333,2802.0,3395.0,152510.0
0.06645994922476346,0.07295189661591238,0.8605881541593247,1142.0,1528.0,89804.0
0.07881191592966956,0.09975047336019247,0.8214376107101383,1069.0,1992.0,70962.0
0.07436653730651455,0.08423590024944246,0.8413975624440431,1474.0,5119.0,167673.0
0.07664492796510566,0.08567962083609588,0.837675451198799,795.0,3409.0,112986.0
0.0590957024039879,0.07629819458357455,0.864606103012436,1012.0,2194.0,87732.0
0.07621977979210653,0.07794668555208167,0.8458335346558107,572.0,997.0,35222.0
0.06726729118800175,0.08144721918678409,0.8512854896252152,1751.0,4601.0,110874.0
0.0697052451779681,0.08229265710754162,0.8480020977144912,2262.0,2748.0,95604.0
0.07326177305385005,0.08707988879641378,0.8396583381497359,2341.0,3110.0,113068.0
0.07572967502506045,0.07357065600606466,0.8506996689688762,1781.0,3183.0,111246.0
0.06298571459033386,0.07662990811817337,0.860384377291492,1949.0,5730.0,179289.0
0.0720182835947729,0.08256339685113151,0.8454183195540956,846.0,1343.0,79138.0
0.08676124041885155,0.09365227960483856,0.8195864799763108,4073.0,3335.0,160629.0
0.069273650560716,0.09112262134918443,0.8396037280901008,1273.0,1057.0,62768.0
0.08564960634178502,0.08264557222628378,0.8317048214319298,1367.0,2022.0,75305.0
0.08628840905179463,0.0911524863170296,0.8225591046311751,1664.0,1438.0,73685.0
0.07979394707015723,0.09758438410990114,0.8226216688199404,1812.0,2465.0,81968.0
0.07637728192768369,0.07614788841917478,0.8474748296531415,95.0,564.0,26605.0
0.07547412269293546,0.07939112030959362,0.8451347569974711,941.0,2133.0,128813.0
0.06622742189752935,0.08525092844906955,0.8485216496534033,1436.0,3197.0,176016.0
0.07733550394612203,0.08946266756932646,0.8332018284845536,3381.0,2611.0,144327.0
0.05513100012682844,0.06427863846766232,0.8805903614055081,1499.0,2383.0,87741.0
0.08482515908078256,0.07796918155121324,0.8372056593680034,676.0,1317.0,44339.0
0.07418692485640953,0.08176362237108427,0.8440494527725065,105.0,1387.0,69917.0
0.0839142711175764,0.08722888384707182,0.8288568450353534,2697.0,4072.0,150062.0
0.07104554475593841,0.08287172018446609,0.8460827350595951,2467.0,5681.0,208220.0
0.06534248546249065,0.07261711112989679,0.8620404034076142,1323.0,1338.0,128538.0
0.07059613706819258,0.09438815507191368,0.8350157078598931,1358.0,1704.0,86547.0
0.07348766445334044,0.11167980192454871,0.8148325336221133,5041.0,4086.0,153175.0
0.06678468823399963,0.07051967823468734,0.8626956335313122,587.0,3436.0,121720.0
0.07889181590934857,0.08751275181305651,0.8335954322775964,2096.0,5309.0,146201.0
0.07720346626110715,0.07508681514696598,0.8477097185919262,1741.0,4418.0,139585.0
0.06603216235872493,0.07856893818167887,0.8553988994595947,1533.0,2503.0,88715.0
0.07967783571359457,0.09180402535221903,0.8285181389341858,426.0,1967.0,66274.0
0.07396991964546135,0.09653363082816324,0.8294964495263738,4325.0,1911.0,142860.0
0.08292628070169908,0.08677868594536335,0.8302950333529376,883.0,1021.0,45370.0
0.06803571484233203,0.07545756517696608,0.8565067199807002,2335.0,5640.0,144941.0
0.07279040025628837,0.06934810947765221,0.8578614902660586,699.0,1610.0,65910.0
0.06200050729218542,0.06382202456852698,0.8741774681392869,160.0,1969.0,60355.0
0.06994475657432245,0.07951768397932855,0.8505375594463503,1076.0,2641.0,124472.0
0.06531455437796857,0.07536315009324435,0.8593222955287881,690.0,3736.0,115598.0
0.06776707127911397,0.08119293931335261,0.8510399894075344,1515.0,4296.0,155469.0
0.07146545036932637,0.08912800012787414,0.8394065495028012,4576.0,2968.0,157366.0
0.06949876354233477,0.07922353189092597,0.8512777045667385,3405.0,2739.0,142824.0
0.07563347906475199,0.0750340534945471,0.8493324674407021,848.0,3929.0,116060.0
0.06983641264497364,0.0765304911468525,0.8536330962081721,853.0,3502.0,115490.0
0.07554260551365519,0.09600956151777647,0.828447832968567,6661.0,2418.0,232567.0
0.08339733838390782,0.09272270695806183,0.8238799546580297,1705.0,1849.0,91498.0
0.07835576037991923,0.08441142679992708,0.8372328128201533,1228.0,2606.0,64513.0
0.07064213472982538,0.0665284697213635,0.8628293955488098,1647.0,2820.0,96179.0
0.07042980047764204,0.07748433787159253,0.8520858616507634,1233.0,3859.0,140726.0
0.08462384544724588,0.08536873519682739,0.8300074193559285,3213.0,3267.0,137356.0
0.0811190799765511,0.08401589838084349,0.8348650216426039,1356.0,898.0,47941.0
0.0797651441316912,0.07771569946691619,0.8425191564013923,2125.0,4012.0,147991.0
0.08146755533407192,0.09841759833974462,0.8201148463261863,3972.0,2030.0,156385.0
0.07172950278940887,0.07622526636891842,0.8520452308416733,1906.0,1000.0,69522.0
0.06963868446270582,0.08072528081587453,0.8496360347214174,2270.0,4912.0,153109.0
0.08927328557988003,0.09440241660872972,0.81632429781139,3921.0,3085.0,127120.0
0.08486174581029472,0.08608051555387612,0.829057738635829,501.0,1020.0,64061.0
0.07859712888263032,0.08071915124433697,0.8406837198730329,1222.0,1530.0,69297.0
0.07264427734961156,0.0791354143049411,0.8482203083454475,1323.0,3554.0,126908.0
0.07343819169755361,0.08647469833717673,0.8400871099652689,1346.0,2825.0,125865.0
0.07011083689503224,0.08236687071130899,0.8475222923936582,1275.0,2020.0,95945.0
0.07725900086512338,0.08856897977347808,0.8341720193613987,4845.0,5051.0,248308.0
0.06841379766311873,0.09507548122183884,0.8365107211150415,2014.0,2876.0,103905.0
0.06007122533906834,0.07110390329975526,0.8688248713611766,1215.0,3766.0,149543.0
0.06452368695906183,0.07627718970755255,0.859199123333388,860.0,2072.0,73312.0
0.07691571569146881,0.07820333223938071,0.8448809520691523,2521.0,3442.0,126427.0
0.06513497477736295,0.07494692855803149,0.859918096664604,1877.0,4126.0,92025.0
0.07314782052659054,0.07890135500847385,0.8479508244649369,3562.0,3254.0,127484.0
0.06917427970453034,0.07839203508862183,0.8524336852068454,596.0,2284.0,77758.0
0.07342046397930478,0.08957333900368826,0.8370061970170077,1420.0,1027.0,43696.0
0.06828470529578051,0.06863188805152952,0.8630834066526921,2904.0,4119.0,137381.0
0.0678407203755899,0.06697163186959218,0.8651876477548177,536.0,3388.0,89560.0
0.07225126816431444,0.0694404907390089,0.8583082410966766,47.0,337.0,8449.0
0.06286275263741468,0.08575184362995758,0.8513854037326267,1305.0,1006.0,37874.0
0.06632794829317175,0.0806548940049815,0.8530171577018476,1808.0,2266.0,63032.0
0.06896443947718033,0.07943260502387399,0.8516029554989459,1860.0,550.0,79833.0
0.07118948176311181,0.07981498803519668,0.8489955302016904,455.0,4438.0,99525.0
0.08448910511537672,0.06541006583336577,0.8501008290512582,1893.0,4156.0,114257.0
0.0835774600475138,0.08048295108812864,0.8359395888643585,734.0,1743.0,96279.0
0.0705174500745413,0.09805117613248335,0.8314313737929748,3151.0,2486.0,107291.0
0.07216011560850848,0.07992809185202539,0.8479117925394652,5359.0,4362.0,222224.0
0.0794729526969196,0.09386542432459113,0.8266616229784889,122.0,107.0,3929.0
0.07475794440396197,0.07670457759613526,0.848537477999901,1610.0,1415.0,60579.0
0.07321742348618492,0.08598241652147184,0.8408001599923454,1413.0,2928.0,81056.0
0.07077156653155361,0.08020305347599134,0.849025379992455,1054.0,1167.0,75123.0
0.08556746062246821,0.08129234748520252,0.8331401918923299,2209.0,2578.0,79242.0
0.06871783747751818,0.07940890841573021,0.8518732541067501,1579.0,7077.0,175896.0
0.06614984158449243,0.0715887002408524,0.8622614581746545,305.0,1443.0,72031.0
0.06629495959361904,0.07666454061950775,0.8570404997868727,988.0,3006.0,85087.0
0.08213267117987312,0.08336687473650385,0.8345004540836258,2044.0,2235.0,127677.0
0.08734783366118982,0.09073286100881789,0.821919305329992,928.0,665.0,53653.0
0.08281983566317491,0.09474883219472803,0.8224313321420966,1251.0,680.0,53465.0
0.07141427463747689,0.07918257794785731,0.8494031474146658,2993.0,3725.0,109960.0
0.06947764829318223,0.06940920352797014,0.8611131481788485,1351.0,3171.0,125723.0
0.07744985982280791,0.06439567141394158,0.8581544687632519,709.0,2867.0,99065.0
0.09250787894646754,0.09373890653290949,0.8137532145206233,3183.0,5363.0,113114.0
0.0713550892713363,0.08884855127920441,0.8397963594494599,1205.0,1413.0,63746.0
0.06542210955047018,0.09397215155798418,0.8406057388915451,1375.0,1130.0,63896.0
0.07449209638779174,0.06870816821147946,0.8567997354007291,6.0,98.0,2520.0
0.0631885450768118,0.08183318924763358,0.8549782656755534,1822.0,3535.0,99683.0
,,,0.0,0.0,0.0
0.07546790114521479,0.08031567644201498,0.84421642241277,1160.0,1528.0,55672.0
0.0853606943004347,0.0973893264961755,0.8172499792033897,429.0,455.0,17845.0
0.0904168793820994,0.10600868701283796,0.8035744336050614,939.0,1020.0,68430.0
0.06966216905077528,0.07246850074875019,0.8578693302004725,898.0,2260.0,113524.0
0.06894065448677802,0.07651011868837734,0.854549226824844,742.0,2649.0,100233.0
0.07108286418815393,0.07787628895599341,0.8510408468558532,2043.0,4788.0,129614.0
0.07994950374793629,0.07095710742710916,0.8490933888249533,945.0,1651.0,63860.0
0.07689866368679639,0.10455452911956052,0.8185468071936424,2320.0,1456.0,68016.0
0.07644095439689694,0.1054084650052998,0.818150580597802,2632.0,1638.0,69603.0
0.09067191682856858,0.08934470736635097,0.8199833758050797,1125.0,1028.0,50662.0
0.07348194785239162,0.0864914189806449,0.8400266331669636,1162.0,1667.0,53134.0
0.06975562428745279,0.08703154995452562,0.8432128257580204,765.0,3420.0,102522.0
0.08792626397862494,0.09349487395803627,0.8185788620633387,1711.0,921.0,51164.0
0.06753310374651175,0.08640093141155632,0.8460659648419323,1045.0,3015.0,94619.0
0.07885708634866108,0.08584703430736192,0.8352958793439789,2686.0,4973.0,153135.0
0.06995288263246192,0.08625928653774456,0.843787830829794,672.0,948.0,34258.0
0.07284098482176501,0.07383304997978477,0.8533259651984499,2598.0,3736.0,139167.0
0.0613309638128169,0.07353248464890454,0.8651365515382792,305.0,1166.0,44995.0
0.06847839605504759,0.07410420797782884,0.8574173959671247,3225.0,1758.0,130917.0
0.07293507006147613,0.09058026362288461,0.8364846663156376,1990.0,1890.0,92803.0
0.07036018743675598,0.09106854324154372,0.838571269321701,1181.0,2678.0,93921.0
0.07464472063895725,0.0862656024978401,0.8390896768632022,664.0,2738.0,69944.0
0.07167649818763001,0.07790863809820803,0.8504148637141636,1012.0,4189.0,123323.0
0.07723630176135199,0.08592161392434629,0.8368420843143031,2744.0,4008.0,149175.0
0.07766864408048248,0.07468701678040855,0.8476443391391071,387.0,1573.0,69412.0
0.06798754647581404,0.07714532602780073,0.854867127496385,687.0,2674.0,88507.0
0.07401327963759194,0.08207656778522673,0.8439101525771805,999.0,1119.0,49713.0
0.07738207179096941,0.08920918165007626,0.8334087465589545,4348.0,3890.0,181498.0
0.07438213906442384,0.09426046454495637,0.8313573963906193,750.0,1020.0,38514.0
0.08561722991620678,0.09625093573049463,0.8181318343532978,2007.0,1116.0,56619.0
0.08696909840963858,0.09861587545146096,0.8144150261389018,4856.0,2033.0,136224.0
0.07806224535295199,0.08933917292719976,0.832598581719849,1256.0,1168.0,58046.0
0.07529684758440555,0.10289689884610968,0.8218062535694854,1716.0,1036.0,52185.0
0.06305958919052261,0.07838218164605663,0.8585582291634206,2752.0,2447.0,96733.0
0.0664308855701995,0.08602668171041146,0.8475424327193902,1421.0,4111.0,139798.0
0.07432919685179974,0.11185734489703841,0.8138134582511621,2202.0,1086.0,66608.0
0.0829296037387021,0.0860083495062086,0.8310620467550883,1248.0,1401.0,54857.0
0.0806262954634572,0.0875701815304724,0.8318035230060722,1198.0,1404.0,53663.0
0.07161446367968446,0.09590062249703822,0.832484913823278,1313.0,1501.0,52313.0
0.06681009027551144,0.0768580997018426,0.8563318100226465,1849.0,2684.0,105041.0
0.06703765096425925,0.07423312829648049,0.8587292207392598,1166.0,2173.0,112726.0
0.06780061395552847,0.09021913688156616,0.8419802491629067,255.0,1482.0,49348.0
0.09683100373317788,0.09608821650290902,0.8070807797639139,411.0,28.0,27097.0
0.050385555404529894,0.053910691280804376,0.8957037533146649,94.0,1055.0,35710.0
0.07530262370978466,0.0799664325733385,0.8447309437168767,685.0,2103.0,64942.0
0.06922179173333393,0.07568824064589498,0.8550899676207697,445.0,4024.0,105324.0
0.07861473557058689,0.08643174289414376,0.8349535215352695,1970.0,940.0,56584.0
0.06882725917208862,0.07875676998465495,0.8524159708432557,2182.0,1768.0,85960.0
0.07096418127298242,0.09242189968006612,0.8366139190469506,2159.0,1591.0,66680.0
0.0872416630834287,0.08521133241644178,0.8275470045001291,1807.0,2635.0,77537.0
0.07494896765353652,0.07193525943073018,0.8531157729157329,240.0,1401.0,40917.0
0.08192290982413941,0.0722962255738505,0.8457808646020095,422.0,1029.0,43622.0
0.07768226684744928,0.08830016512178522,0.8340175680307654,1607.0,2525.0,79032.0
0.06873992286064451,0.06957119279338299,0.8616888843459727,678.0,2170.0,83347.0
0.057371116638993296,0.07653873970629406,0.8660901436547132,6491.0,7402.0,218207.0
0.07043499327850798,0.07193370543891053,0.8576313012825807,799.0,1445.0,70826.0
0.08009469895153218,0.08864058452423071,0.8312647165242378,3492.0,19264.0,363537.0
0.07736813073233983,0.07981586616764226,0.842816003100018,834.0,632.0,24882.0
0.0877693073198114,0.08631924686273033,0.8259114458174556,2368.0,2492.0,101828.0
0.07569856014755665,0.08760104726292556,0.8367003925895189,1390.0,1143.0,82588.0
0.08149039849791374,0.08603020240417375,0.8324793990979141,2172.0,1597.0,99429.0
0.07143707556068421,0.07243987280272544,0.8561230516365904,296.0,3293.0,82428.0
0.06570957329371026,0.07265785358717479,0.861632573119114,950.0,946.0,35384.0
0.08525922531335063,0.06308296287166136,0.851657811814989,301.0,759.0,51198.0
0.0743653461392829,0.07893265446888958,0.8467019993918286,908.0,6208.0,185835.0
0.06629679834912786,0.06503111107938449,0.8686720905714882,316.0,808.0,30924.0
0.05797903201583192,0.07940807296148661,0.8626128950226815,1086.0,852.0,58388.0
0.07077817684483567,0.0709385032591073,0.8582833198960574,838.0,1460.0,65501.0
0.06262206434199477,0.07591870224946067,0.8614592334085437,633.0,1057.0,57575.0
0.07740743013244851,0.10802354474871989,0.8145690251188323,2774.0,1849.0,68601.0
0.07935980678302229,0.11449460185668048,0.806145591360297,2596.0,1845.0,64090.0
0.07882465959592262,0.10439813865341063,0.8167772017506669,2559.0,1198.0,70489.0
0.0836788399796011,0.07798829855322974,0.838332861467168,813.0,5169.0,159135.0
0.09092075925677705,0.08591487735256585,0.8231643633906568,1248.0,1260.0,68201.0
0.0922122058544947,0.09549703828510582,0.8122907558604001,1286.0,1416.0,64871.0
0.0790028371719488,0.08422620087298806,0.8367709619550602,1121.0,1642.0,72778.0
0.07963667692503038,0.08118553286730493,0.8391777902076651,1255.0,1815.0,76150.0
0.07828333008376155,0.08413728492980792,0.8375793849864308,1249.0,1894.0,71825.0
0.07745486820224039,0.08881969214329674,0.8337254396544637,796.0,1824.0,70501.0
0.08260153664697609,0.08079865441280006,0.8365998089402222,1004.0,2312.0,80982.0
0.06871174821051905,0.06519204287995603,0.8660962089095264,421.0,1996.0,69086.0
0.06814211500725559,0.08300934728606295,0.8488485377066811,12.0,210.0,12420.0
0.07392105248543934,0.0908810492532569,0.8351978982613046,1522.0,1510.0,79784.0
0.06796800630799951,0.08207723499513918,0.8499547586968608,2476.0,1707.0,110784.0
0.08174490255023682,0.09594037148879077,0.8223147259609734,1968.0,1184.0,72949.0
0.07779587635604818,0.07095121696648472,0.8512529066774671,455.0,902.0,39836.0
0.07237203897898303,0.0847778915254194,0.8428500694955976,5358.0,3899.0,215784.0
0.07947323200143493,0.09191947033803412,0.8286072976605328,1722.0,2143.0,63767.0
0.06543980182466619,0.07231322382250745,0.8622469743528243,37.0,2151.0,72439.0
0.06766974033721003,0.08034558420133535,0.8519846754614543,580.0,2003.0,96384.0
0.07403163008225286,0.07967360069073569,0.8462947692270126,2754.0,4902.0,187412.0
0.07060753527997699,0.08037943756542781,0.8490130271545951,2017.0,4000.0,134534.0
0.06881078969409166,0.0729613191735292,0.8582278911323791,1337.0,3827.0,125921.0
0.08792126964094564,0.08731895657525833,0.8247597737837953,2052.0,901.0,50502.0
0.09332725957146716,0.09815830577706901,0.8085144346514634,6858.0,5358.0,224431.0
0.0650302222886831,0.07066984269857972,0.8642999350127374,437.0,1765.0,76382.0
0.04172304586031164,0.06278442766171108,0.8954925264779777,141.0,1106.0,58726.0
0.07924227845827372,0.06757368153771857,0.8531840400040076,277.0,829.0,50626.0
0.07921470705070768,0.08309042048597252,0.8376948724633205,327.0,3640.0,133956.0
0.07447578580374621,0.08485753161455045,0.8406666825817034,949.0,2725.0,113940.0
0.08798898119344585,0.09326113537752653,0.818749883429027,1480.0,1115.0,55562.0
0.08383178393315974,0.08970147717526823,0.8264667388915716,1763.0,1181.0,61747.0
0.08634193273024739,0.09753346285431722,0.8161246044154356,1290.0,1361.0,57156.0
0.08675644211194347,0.10134230145917245,0.8119012564288828,3418.0,1677.0,82384.0
0.07223988062237098,0.07512161163701137,0.8526385077406179,1370.0,3597.0,96973.0
0.07815042143259111,0.07975224843593888,0.8420973301314701,3846.0,3613.0,135290.0
0.08769819977599473,0.08169175186755766,0.8306100483564474,349.0,1489.0,66182.0
0.09019555899776528,0.08454812873821549,0.8252563122640195,223.0,1342.0,70588.0
0.0867694808452174,0.08898696154899116,0.8242435576057925,612.0,1297.0,70401.0
0.07044618950928978,0.0873497428449422,0.8422040676457679,737.0,1797.0,53851.0
0.06624078938563707,0.088585341550257,0.8451738690641066,1201.0,1392.0,56133.0
0.06918104071492903,0.09830422431213527,0.8325147349729348,629.0,1759.0,57042.0
0.0638787401181156,0.07429559943137905,0.8618256604505061,1491.0,4295.0,96787.0
0.08196172627362665,0.1078228436603542,0.8102154300660179,2688.0,3587.0,64699.0
0.07835715392826233,0.10926708768758678,0.8123757583841501,3035.0,2098.0,68442.0
0.07663044491795215,0.0934908382933459,0.8298787167887023,4842.0,3607.0,129340.0
0.053309176282372056,0.06649817477496818,0.8801926489426589,171.0,417.0,29053.0
0.06513358418468869,0.07500650466776289,0.8598599111475487,486.0,2509.0,62832.0
0.058919982791449124,0.06646283853134995,0.8746171786772006,950.0,2002.0,90442.0
0.06736361279664785,0.0974683391444219,0.8351680480589311,719.0,1444.0,42726.0
0.06255307791258577,0.08278374804572941,0.8546631740416853,199.0,1172.0,42352.0
0.07506858010519032,0.09246817280264405,0.8324632470921663,829.0,984.0,42468.0
0.07206888174790373,0.0764178013355978,0.8515133169164993,1804.0,2665.0,97709.0
0.08508672377757164,0.07275274719661744,0.842160529025811,1150.0,1512.0,97890.0
0.0737276175014877,0.08277617497764528,0.8434962075208658,914.0,2972.0,78713.0
0.06263864612223975,0.08000748417999083,0.8573538696977702,946.0,1202.0,57452.0
0.07320915317842343,0.09087370423095201,0.8359171425906234,966.0,1150.0,55142.0
0.06934928882049465,0.0818605204841078,0.8487901906953979,859.0,1203.0,51029.0
0.07638643841324347,0.08610353081385927,0.8375100307728985,3630.0,2918.0,134602.0
0.0911200570854297,0.10927260202492707,0.7996073408896437,4465.0,3118.0,140028.0
0.07936574428238728,0.07839570902231896,0.8422385466952934,270.0,228.0,16020.0
0.0826192272526009,0.09087456881010854,0.8265062039372902,3807.0,3928.0,158932.0
0.07843321430999606,0.0762346937825407,0.8453320919074664,3404.0,4375.0,185304.0
0.07561340963092357,0.09118456777166502,0.833202022597412,1862.0,1533.0,50515.0
0.07776213133176003,0.08747783256205587,0.8347600361061851,3896.0,3315.0,193364.0
0.07937893996905497,0.0862489934281355,0.834372066602811,2044.0,1787.0,85741.0
0.08133123092191531,0.08627286361496686,0.8323959054631183,2017.0,1958.0,76080.0
0.08254440203847854,0.08504697295524086,0.8324086250062795,1004.0,3083.0,125596.0
0.0947272412017931,0.08499838449833774,0.8202743742998698,1131.0,1334.0,54963.0
0.08023333975133733,0.08663186915108892,0.8331347910975727,844.0,3131.0,129734.0
0.07300680210887948,0.08339398655527251,0.8435992113358485,979.0,2127.0,65692.0
0.07376907619517256,0.07508237452382974,0.8511485492809969,141.0,504.0,32677.0
0.07629634087721938,0.08179329621490307,0.8419103629078764,1246.0,832.0,62136.0
0.08444075254136967,0.09250548131666121,0.8230537661419685,417.0,2490.0,97879.0
0.08262666324289492,0.0794415323519493,0.8379318044051574,513.0,4431.0,153937.0
0.0737713835392671,0.07328783144280973,0.8529407850179219,721.0,3265.0,128866.0
0.062863405709556,0.07952784809051906,0.8576087461999251,194.0,2067.0,46989.0
0.07778449561772063,0.08382559532556363,0.8383899090567163,2466.0,6483.0,189474.0
0.07323778226467784,0.07093841962335197,0.8558237981119706,305.0,748.0,33457.0
0.08671657070237675,0.11493003690748925,0.7983533923901316,3161.0,1862.0,90259.0
0.0923020356892083,0.1108771771162851,0.7968207871945044,3618.0,2568.0,96789.0
0.07704535337611061,0.0797778437167126,0.8431768029071794,3841.0,4826.0,166402.0
0.07278927588466928,0.07593720126144525,0.8512735228538861,1046.0,2597.0,99882.0
0.06275548382175558,0.06671260263942515,0.8705319135388179,1233.0,1817.0,89043.0
0.07169105885727783,0.0833294969033728,0.8449794442393483,1668.0,1967.0,110297.0
0.06727329808710655,0.07267786112865342,0.8600488407842389,1637.0,1918.0,88311.0
0.08750732026631923,0.08193583630034955,0.8305568434333317,350.0,692.0,24603.0
0.07117077679821747,0.0780836149652499,0.8507456082365337,382.0,2187.0,94275.0
0.0726117857399322,0.06888482854697901,0.8585033857130886,261.0,144.0,16104.0
0.08264958061639051,0.08801364450418472,0.8293367748794256,180.0,1992.0,84227.0
0.08829646716931609,0.08464908486206571,0.827054447968617,270.0,2683.0,113839.0
0.08528164508229258,0.08518776642029813,0.829530588497411,208.0,1825.0,79854.0
0.0673743834912225,0.07743560841130856,0.8551900080974694,125.0,868.0,34029.0
0.06947962589334242,0.08029176591590428,0.8502286081907547,2047.0,1413.0,93514.0
0.06993725700870335,0.07122715008635476,0.8588355929049426,997.0,3116.0,104994.0
0.08164047166901998,0.09145399790686794,0.8269055304241122,826.0,2495.0,68972.0
0.07942714659154775,0.08959872807861718,0.8309741253298346,928.0,2787.0,72621.0
0.0905377158332701,0.10116576222418919,0.8082965219425406,304.0,691.0,17801.0
0.09288519021053057,0.09421149972554055,0.8129033100639287,1106.0,803.0,33835.0
0.062202246746550664,0.06767690908049867,0.8701208441729525,1231.0,1522.0,89243.0
0.06406306180488204,0.07056396862977028,0.8653729695653481,1079.0,1098.0,84747.0
0.07068874712686911,0.0688693109995938,0.8604419418735375,1532.0,1442.0,92986.0
0.07441799086198132,0.08426819502427424,0.8413138141137447,1178.0,1765.0,75962.0
0.08167051926297311,0.08284714141038414,0.8354823393266417,1483.0,2199.0,101867.0
0.07256427562825504,0.05467798834996271,0.8727577360217823,556.0,1957.0,54394.0
0.06749011127660001,0.07147389003184686,0.861035998691553,369.0,1642.0,46858.0
0.050708806328086165,0.06194541777951101,0.8873457758924028,459.0,3336.0,84548.0
0.07869008093895932,0.09517555464974187,0.8261343644113,4376.0,3216.0,179887.0
0.08535516788399533,0.0841984074876568,0.8304464246283488,4761.0,6222.0,272348.0
0.07397992302081173,0.08844323570633199,0.8375768412728544,875.0,4069.0,110109.0
0.06637816912910263,0.07907089318042959,0.8545509376904656,536.0,1303.0,87055.0
0.0734258733695661,0.07979649262065526,0.846777634009779,2387.0,1715.0,107172.0
0.08890048283939406,0.0783535555223767,0.8327459616382299,2733.0,6075.0,174472.0
0.07254589489697763,0.0850933276519581,0.8423607774510665,4785.0,5406.0,174719.0
0.06036554820660947,0.062235049873230024,0.8773994019201603,684.0,3606.0,103058.0
0.08757380622705081,0.07240725614148713,0.8400189376314625,610.0,587.0,56813.0
0.07163795972858687,0.08671748850153381,0.841644551769879,2502.0,2100.0,93922.0
0.06705528967790034,0.05678283397552926,0.8761618763465694,37.0,1353.0,58469.0
0.09086168205515496,0.10733469494342228,0.8018036230014223,1602.0,1361.0,50149.0
0.08648233126836863,0.08469462279110962,0.828823045940522,4058.0,1942.0,138117.0
0.07298763702537335,0.08876926241623442,0.8382431005583928,848.0,1061.0,53150.0
0.07378160066055656,0.09329622446797463,0.832922174871469,750.0,919.0,48444.0
0.07513645445131112,0.08966587402901303,0.835197671519676,702.0,1088.0,47404.0
0.07831486463349685,0.07448095897013904,0.8472041763963641,1225.0,2761.0,98675.0
0.08054398003228597,0.08209602442490944,0.8373599955428023,3033.0,1792.0,124043.0
0.08337042373507964,0.07429816725572852,0.8423314090091909,998.0,1545.0,47408.0
0.0797110127028662,0.09413148489501484,0.8261575024021193,57.0,109.0,8231.0
0.06729726506503186,0.06892660765662133,0.8637761272783473,613.0,724.0,55182.0
0.07824713674859655,0.0986256622472282,0.8231272010041751,578.0,1283.0,68422.0
0.0775338298332131,0.09911351989043878,0.8233526502763483,922.0,1351.0,70773.0
0.06492883164769891,0.08349719364482155,0.8515739747074798,258.0,943.0,31934.0
0.07901645647115137,0.08950788994448919,0.831475653584359,1952.0,2253.0,114820.0
0.07004403486866857,0.07278900542842971,0.8571669597029037,1891.0,2967.0,107036.0
0.06938310103879665,0.09105251744093633,0.8395643815202655,4302.0,2587.0,129446.0
0.08476218558217505,0.08882017311555106,0.826417641302274,2786.0,2763.0,97748.0
0.08177256442595979,0.08088009636731079,0.8373473392067301,1359.0,4222.0,148628.0
0.07675251486869333,0.08968549928556774,0.8335619858457397,1138.0,1026.0,73491.0
0.08738000834143753,0.09278011425200439,0.8198398774065592,2185.0,3123.0,129176.0
0.07445245062307058,0.08055475712620923,0.8449927922507207,2021.0,4538.0,189188.0
0.07390521532600239,0.08062101167534277,0.8454737729986548,2450.0,5237.0,200807.0
0.062215074756894695,0.07596021319049967,0.861824712052606,1061.0,4591.0,132780.0
0.06525760827112316,0.07130762618041643,0.8634347655484597,1186.0,1635.0,89408.0
0.0860351898015868,0.0870029477063784,0.8269618624920373,4991.0,6046.0,201676.0
0.0752423266297955,0.08180884839369465,0.8429488249765082,1094.0,5537.0,232712.0
0.050341992340425225,0.0610260609029008,0.8886319467566742,1280.0,3526.0,111539.0
0.0767900846652487,0.08547580039866311,0.83773411493609,2759.0,6086.0,206334.0
0.0787901106567734,0.08419475321476434,0.8370151361284626,1824.0,4899.0,184610.0
0.07745386487589555,0.09191388275786656,0.8306322523662386,1841.0,2252.0,74901.0
0.06736096994887394,0.06980013352100058,0.8628388965301272,1182.0,2964.0,99873.0
0.07798582047052924,0.08000704397756257,0.842007135551908,457.0,2231.0,72424.0
0.07477837574828655,0.09003383212186332,0.8351877921298504,426.0,2518.0,71524.0
0.07483746163957747,0.08500784393418873,0.8401546944262345,324.0,2599.0,74325.0
0.08969818384477854,0.094164196770233,0.8161376193849891,4948.0,3927.0,165087.0
0.07020074077300831,0.09027579514252106,0.8395234640844731,1279.0,6227.0,204290.0
0.06730121164320127,0.07279628723829831,0.8599025011185004,918.0,3770.0,78882.0
0.08436193826097894,0.09307141765599339,0.8225666440830279,3141.0,5066.0,206005.0
0.07289388728265278,0.0751569487229173,0.8519491639944285,1106.0,1688.0,68280.0
0.07096681057448324,0.08129210910397704,0.847741080321541,1120.0,2008.0,67238.0
0.07189404069339812,0.0783401220525142,0.8497658372540857,2226.0,3696.0,135518.0
0.07355189010036016,0.07806052781113952,0.8483875820885003,3354.0,4097.0,144871.0
0.07260018839347546,0.09044364599432733,0.8369561656121972,2881.0,2869.0,97660.0
0.07207620567139136,0.07508871400453648,0.8528350803240731,242.0,862.0,50119.0
0.07796293246428064,0.08111006330219482,0.8409270042335248,178.0,846.0,45786.0
0.07621078786659158,0.0682272467709898,0.8555619653624186,61.0,277.0,22381.0
0.07107890873256639,0.07333350561998059,0.8555875856474532,110.0,468.0,27362.0
0.07905180970770592,0.08398658540905757,0.8369616048832369,327.0,635.0,43057.0
0.07306008761522709,0.08013945351387845,0.8468004588708942,250.0,697.0,45627.0
0.07499937754743408,0.07831741815408824,0.8466832042984748,1167.0,3786.0,234485.0
0.05921253932544043,0.06678565709096759,0.8740018035835914,129.0,210.0,16276.0
0.08219098547071492,0.07606486792038801,0.8417441466088973,1084.0,941.0,62990.0
0.07278119923941988,0.0736202523640145,0.8535985483965636,793.0,2895.0,109276.0
0.08433639061321112,0.09124302938424823,0.8244205800025421,2235.0,1137.0,80670.0
0.08650203648733511,0.09271852248306815,0.8207794410295978,2503.0,5381.0,147907.0
0.0882888721457507,0.10174667421754162,0.8099644536367071,2928.0,2084.0,97816.0
0.07031410914871317,0.08492514469736172,0.8447607461539246,281.0,211.0,8990.0
0.07865991469735217,0.0881601568938939,0.8331799284087531,414.0,869.0,24606.0
0.06502624740127444,0.08340659890062321,0.8515671536981014,653.0,2031.0,74437.0
0.07235480637195667,0.0717394984447292,0.8559056951833146,434.0,673.0,30410.0
0.07447370073693489,0.07863377573375845,0.8468925235293064,425.0,1728.0,43209.0
0.054867381226660336,0.06497432035492152,0.8801582984184162,1166.0,2939.0,96259.0
0.06921586105813794,0.09220377896544438,0.8385803599764171,3777.0,2826.0,120880.0
0.0857772727033164,0.09673444480758518,0.8174882824890982,3306.0,5118.0,165700.0
0.06963287813563773,0.07581723373466427,0.8545498881296977,2206.0,1908.0,93790.0
0.08227991714137016,0.08086033862484633,0.8368597442337834,1671.0,4020.0,175850.0
0.08916837768579691,0.09617190945915505,0.8146597128550477,3390.0,3707.0,163524.0
0.06930465160267991,0.08001836241256145,0.8506769859847564,1815.0,2575.0,79830.0
0.08930267146394968,0.09070572311388726,0.8199916054221633,2833.0,1125.0,141344.0
0.07769326427286186,0.07378505049336101,0.8485216852337774,325.0,939.0,29669.0
0.06914384790933086,0.06759736011012023,0.8632587919805483,60.0,555.0,22293.0
0.06732631737329257,0.08246542093407674,0.8502082616926305,861.0,1610.0,54532.0
0.07106432498548591,0.07753612604952527,0.8513995489649886,1222.0,2934.0,95295.0
0.07769503819575355,0.06797776748499089,0.854327194319255,537.0,1444.0,36976.0
0.08081225488169289,0.09050143877959407,0.8286863063387132,266.0,465.0,10962.0
0.07220971424693971,0.07203471234442767,0.855755573408632,680.0,1738.0,40090.0
0.07607387006582828,0.07274647556329024,0.8511796543708808,1479.0,3609.0,86580.0
0.08295802838269127,0.09369368030912435,0.8233482913081853,2207.0,6306.0,176250.0
0.07316427023170487,0.07526405644325042,0.851571673325046,4424.0,4913.0,252475.0
0.07205969769967349,0.082861928581766,0.8450783737185612,2417.0,3696.0,141705.0
0.07355590441245392,0.08696500832729348,0.8394790872602556,7086.0,6674.0,198596.0
0.07620913148284433,0.0881168695430506,0.835673998974103,1739.0,2396.0,88758.0
0.05424923006108326,0.057440557844454135,0.8883102120944629,426.0,805.0,31576.0
0.08321223937964002,0.08813546544139526,0.828652295178966,2934.0,2368.0,108235.0
0.08652910039481222,0.09512341298997554,0.8183474866152131,1530.0,1365.0,105508.0
0.08199356734804479,0.08445352666231684,0.8335529059896373,49.0,1018.0,32638.0
0.05609603131512324,0.06278730958215173,0.8811166591027244,180.0,2366.0,95114.0
0.07405960012386831,0.06442879042124586,0.8615116094548867,1651.0,971.0,82169.0
0.06851316724644259,0.08712793540141216,0.8443588973521451,3690.0,2847.0,95668.0
0.07926209201285632,0.08914563184246828,0.8315922761446745,5846.0,4310.0,195842.0
0.08026208680861167,0.08719051606961603,0.8325473971217716,784.0,1722.0,50751.0
0.07969849421057261,0.08101281658100283,0.8392886892084248,120.0,768.0,19878.0
0.04861111111111111,0.020833333333333332,0.9305555555555556,0.0,0.0,66.0
0.07702474533079795,0.08104503300381188,0.841930221665389,202.0,3122.0,99485.0
0.0792055377079107,0.08176225590333659,0.8390322063887528,113.0,195.0,8105.0
0.0990001507435022,0.07829016041151249,0.8227096888449862,3255.0,1822.0,90386.0
0.08934128653076068,0.09759171099606213,0.8130670024731774,103.0,122.0,10127.0
0.07669320914105826,0.09238036068023925,0.8309264301787029,118.0,239.0,10357.0
0.08021392733690126,0.09640590684639842,0.8233801658167004,114.0,163.0,7554.0
0.06851759588961476,0.09492399920948175,0.8365584049009032,158.0,388.0,11978.0
0.07940978448987804,0.09702752096561362,0.8235626945445081,490.0,903.0,38656.0
0.07406436198947092,0.09452225571112839,0.8314133822994015,7413.0,3368.0,220620.0
0.08053508618544714,0.0792284097245182,0.8402365040900341,318.0,723.0,32435.0
0.08207115294673972,0.08649220440232581,0.8314366426509359,4195.0,3398.0,137977.0
0.08826148425454027,0.08890959648618929,0.8228289192592706,1759.0,1014.0,50074.0
0.061872156767527484,0.06086463001539145,0.8772632132170812,111.0,257.0,11140.0
0.09407847242178291,0.09827134943293216,0.8076501781452837,5290.0,2749.0,132929.0
0.07832629432379466,0.09297467669848598,0.828699028977719,5442.0,2192.0,116415.0
0.0709198493644175,0.08347626175145,0.8456038888841318,326.0,1138.0,43914.0
0.05883821175196306,0.08192409568445116,0.8592376925635852,27.0,895.0,29478.0
0.07124888781346693,0.05962762201019988,0.8691234901763318,749.0,419.0,30150.0
0.06302515846691052,0.06623667333913874,0.8707381681939494,484.0,5578.0,137164.0
0.07780279833650126,0.07325709979597697,0.8489401018675209,1016.0,1723.0,74803.0
0.08396158659473746,0.07973990131004802,0.8362985120952143,4553.0,4092.0,124848.0
0.08475386797144985,0.09084723466208874,0.8243988973664617,3007.0,5638.0,145625.0
0.07188532196457297,0.0855570985135412,0.842557579521886,4433.0,2497.0,116499.0
0.08845440077691684,0.09518799691828543,0.816357602304799,2307.0,3183.0,145115.0
0.08305221076876688,0.08058241949809562,0.8363653697331352,2827.0,3974.0,119472.0
0.07418534140211483,0.07777910795197482,0.8480355506459089,1019.0,3015.0,106696.0
0.0817420374151047,0.09381046957379216,0.824447493011103,2029.0,1988.0,76641.0
0.07009654250889717,0.09664277855964382,0.833260678931458,4594.0,4698.0,175958.0
0.08174430094197142,0.08093011389920783,0.8373255851588219,298.0,1144.0,31243.0
0.0733594947194762,0.09421381936584781,0.8324266859146742,1265.0,2182.0,80606.0
0.07894611957878933,0.07590219120076352,0.8451516892204475,1176.0,555.0,41839.0
0.07535093605295755,0.07760510003884032,0.8470439639082006,822.0,2847.0,102579.0
0.08099458616376204,0.0828090692853634,0.8361963445508748,1523.0,2716.0,66073.0
0.07929425692115975,0.08607954028898467,0.8346262027898566,4220.0,3899.0,200291.0
0.07433434718519022,0.0851393529029394,0.8405262999118694,5801.0,4274.0,188188.0
0.09512808765923192,0.0957640841803369,0.8091078281604315,844.0,1045.0,107173.0
0.06815912299430646,0.07844799920101891,0.8533928778046763,2168.0,5594.0,195071.0
0.08200619547456638,0.0867903316552835,0.8312034728701522,2644.0,5167.0,185463.0
0.06871624316067544,0.07736236952866518,0.8539213873106588,438.0,898.0,48242.0
0.07544595855506868,0.08998417516171714,0.8345698662832144,2249.0,1591.0,74521.0
0.08146918069776439,0.07874607678319805,0.8397847425190406,2527.0,4588.0,195239.0
0.07220411009366276,0.07581948271854266,0.8519764071877961,1220.0,2648.0,126310.0
0.08760355446692936,0.10493825724151891,0.8074581882915525,633.0,282.0,17944.0
0.06885636722790092,0.06586095945426719,0.8652826733178295,1513.0,2914.0,113723.0
0.1251997081425946,0.09060554366214421,0.7841947481952612,0.0,57.0,1090.0
0.07417123155175134,0.063623436429852,0.862205332018397,750.0,2981.0,95896.0
0.06502574657048316,0.06191143235087316,0.8730628210786425,515.0,2912.0,97734.0
0.08144335631753785,0.09059160865573057,0.8279650350267315,2735.0,2740.0,95938.0
0.07012049671167442,0.08108747858411006,0.8487920247042148,2307.0,3457.0,121596.0
0.08046692707517605,0.09916904593462926,0.8203640269901966,5092.0,2929.0,164091.0
0.06839682015798831,0.07397784392650131,0.8576253359155112,774.0,4024.0,115999.0
0.08293075978767261,0.08106685907607629,0.8360023811362509,1504.0,3248.0,86039.0
0.07201413164139485,0.07407368123488563,0.8539121871237204,853.0,3588.0,112798.0
0.08589035535321436,0.09844351310559621,0.8156661315411893,2518.0,2180.0,100568.0
0.06954176628227546,0.07142912059967468,0.8590291131180493,773.0,3699.0,141938.0
0.0690949658058248,0.07456160114524991,0.856343433048927,1443.0,2212.0,106505.0
0.057082332067884156,0.07436348715094272,0.8685541807811735,859.0,223.0,33782.0
0.06681445923969286,0.0762656739560274,0.8569198668042791,861.0,392.0,37155.0
0.09146615203162713,0.10176872871221303,0.8067651192561608,4165.0,3488.0,149187.0
0.06903648201362644,0.08044879708424477,0.8505147209021278,576.0,1695.0,118292.0
0.06854866104525183,0.08188548490638893,0.8495658540483592,270.0,1872.0,135572.0
0.07291087904724414,0.07553481223324718,0.8515543087195109,2139.0,5399.0,235127.0
0.08564285699028748,0.10352548886058402,0.8108316541491256,5679.0,3765.0,191180.0
0.09606408093555961,0.11132289549663354,0.7926130235678066,5145.0,3871.0,198523.0
0.09007184165380153,0.1049071880560328,0.8050209702901641,4427.0,2878.0,146541.0
0.06641743209734453,0.07944203991240097,0.8541405279902549,124.0,1176.0,38150.0
0.07050874225254111,0.0771061016143664,0.8523851561330924,231.0,1353.0,53682.0
0.06903898188723602,0.07761544973622392,0.8533455683765405,275.0,1278.0,98731.0
0.07365932945102312,0.08883186846088305,0.8375088020880936,289.0,1305.0,105294.0
0.06954148938643799,0.07818441856178372,0.8522740920517792,626.0,1656.0,112906.0
0.07937431463689334,0.07989522249770203,0.8407304628654049,188.0,1582.0,96611.0
0.08237802293687439,0.088915541747441,0.8287064353156847,153.0,2594.0,121417.0
0.07029425408687666,0.08085156563541693,0.8488541802777071,1631.0,5308.0,122539.0
0.059029653505214524,0.06870715178139733,0.8722631947133902,437.0,5437.0,250000.0
0.06749836253454618,0.0775320483694853,0.8549695890959672,292.0,1885.0,71490.0
0.06462450889242655,0.07962084359344561,0.8557546475141283,300.0,319.0,33560.0
0.04255833756021121,0.058674754408292944,0.8987669080314953,90.0,423.0,17162.0
0.056554487179487176,0.06539728327228325,0.8780482295482295,13.0,30.0,2641.0
0.07061497072863532,0.08739134673445531,0.8419936825369085,1516.0,4558.0,188174.0
0.0672341406779378,0.07520766098935323,0.8575581983327092,164.0,1552.0,79815.0
0.07270239685298734,0.07963511762788547,0.8476624855191277,1736.0,4371.0,106207.0
0.0801623910175736,0.05418143228546995,0.865656176696956,4.0,27.0,11063.0
0.06424489155200595,0.05471973566838801,0.881035372779607,88.0,384.0,19174.0
0.06928490160990772,0.0775369980108401,0.8531781003792508,444.0,2130.0,90195.0
0.07124753024287106,0.07295251916115043,0.8557999505959784,566.0,1640.0,85028.0
0.07112537921961856,0.07753106964460864,0.8513435511357742,1393.0,6036.0,204632.0
0.07995265311283585,0.07955686112822517,0.8404904857589436,6750.0,8450.0,452649.0
0.07436638101553888,0.07842968048292794,0.8472039385015311,2101.0,3250.0,132802.0
0.07081115290311046,0.07190512032217643,0.8572837267747139,490.0,2866.0,110242.0
0.08026711320092837,0.09060145412831902,0.829131432670752,1015.0,1476.0,80224.0
0.06565941576787868,0.06761443607419172,0.8667261481579298,202.0,634.0,22242.0
