Filename,Number of Words,Number of Paragraphs,Relative Punctuation,Average Words per Sentence
pg10067.epub,68757,2282,0.17538577890251175,12.85898634748457
pg1032.epub,17776,267,0.11976822682268227,17.444553483807656
pg10379.epub,151734,3509,0.15289915246418073,16.287462430227567
pg10473.epub,89228,3331,0.1621576186847178,9.886759002770082
pg10812.epub,17883,471,0.13951797796790247,16.760074976569822
pg10826.epub,28495,251,0.12002105632567117,24.313139931740615
pg10943.epub,41143,1251,0.16406193034051966,11.327918502202643
pg11004.epub,72652,2607,0.1617711831745857,8.152154398563734
pg11005.epub,65046,2414,0.16402238415890294,7.581118881118881
pg11259.epub,68482,2949,0.17061417598785084,8.7752434648898
pg11280.epub,80126,1078,0.1549684247310486,23.94680215182307
pg11520.epub,103001,3301,0.14761021737653032,9.489681223512068
pg11581.epub,72543,1805,0.15003515156527852,14.862323294406885
pg11655.epub,113733,1934,0.1253110354954147,15.530929946743138
pg11674.epub,90421,1352,0.11102509372822685,14.631229773462783
pg1190.epub,14588,123,0.14436523169728543,26.05
pg1193.epub,23013,319,0.11228436101334029,17.70230769230769
pg11931.epub,5542,122,0.13839769036448935,14.432291666666666
pg11970.epub,90129,2398,0.16998968145657892,15.039045553145336
pg12102.epub,70829,2413,0.16693727145660675,12.44579160077315
pg1218.epub,162696,2946,0.14921079805281015,15.634826061887372
pg12181.epub,23931,607,0.10442522251472985,14.270125223613595
pg12303.epub,156729,3452,0.1506996152594606,19.025127458120902
pg12304.epub,88586,2179,0.18683539159686632,14.979032803517079
pg12360.epub,114182,3289,0.12488833616506981,10.219457621050747
pg12450.epub,106557,2268,0.13146015747440337,17.78914858096828
pg12453.epub,158305,2685,0.16514323615804932,20.363390789812193
pg12470.epub,99232,2816,0.16942115446630118,14.192219679633867
pg12520.epub,163623,2397,0.14488794362650728,18.05594791436769
pg1253.epub,12132,212,0.11350148367952523,18.72222222222222
pg12672.epub,74207,1766,0.15340870807336235,14.414724164724165
pg1273.epub,14024,309,0.12885054192812323,16.344988344988344
pg12733.epub,183527,2280,0.07103042059206548,17.22449554199906
pg12886.epub,23007,708,0.16099447994088756,13.943636363636363
pg12935.epub,66853,2494,0.15356079757078964,12.002333931777379
pg12972.epub,66548,1111,0.11432349582256417,13.288338658146964
pg12989.epub,33154,928,0.15168607106231527,14.45878761447885
pg13057.epub,55136,1387,0.08261390017411492,12.252444444444444
pg13162.epub,26946,867,0.140651673717806,13.5
pg13178.epub,73099,1692,0.09061683470362111,13.67870508982036
pg13212.epub,97962,2093,0.12502807210959352,15.544589019358934
pg13257.epub,104113,3291,0.15344865674795655,11.368530246778773
pg13273.epub,54435,999,0.15203453660328833,12.000661375661375
pg13312.epub,82136,2220,0.1279341579818837,13.703036369703037
pg13432.epub,46178,487,0.10229979643986314,21.05699954400365
pg13454.epub,170803,3208,0.09809546670725924,18.595862819814915
pg13541.epub,73867,663,0.09249055735308054,25.782547993019197
pg13572.epub,65447,1301,0.12818005408956865,18.47741389045737
pg13776.epub,51346,1348,0.1345577065399447,14.330449344125034
pg13913.epub,79219,2184,0.12356884080839192,15.875551102204408
pg1392.epub,10122,158,0.14572218929065403,22.246153846153845
pg13960.epub,99335,3324,0.15013842049630038,9.55052398807807
pg13985.epub,170765,4231,0.1607062337129974,9.657015212350846
pg14051.epub,65105,946,0.11596651562859996,15.695515911282547
pg14079.epub,45612,1408,0.13761729369464176,12.64891846921797
pg14145.epub,117100,2200,0.11747224594363792,11.031559114460668
pg1422.epub,5170,86,0.1471953578336557,18.140350877192983
pg14253.epub,172409,4783,0.1359151784419607,12.874990665372264
pg14303.epub,141426,3097,0.1340559727348578,14.0652411735455
pg14382.epub,100039,2475,0.14711262607583042,14.700808229243204
pg14395.epub,70272,1851,0.12273736338797814,12.446333687566419
pg14420.epub,171702,1492,0.12388906361020838,31.74376039933444
pg14427.epub,70218,1874,0.14054800763337036,17.73629704470826
pg14454.epub,121071,2250,0.13147657159848353,15.561825192802056
pg14490.epub,83939,1190,0.12930818808896938,16.66448282707961
pg14523.epub,33670,540,0.13474903474903474,19.575581395348838
pg14581.epub,87588,3117,0.14272503082614058,13.12179775280899
pg14605.epub,120845,2491,0.12680706690388513,15.836063425501244
pg14669.epub,100395,2585,0.13472782509089098,12.743716679360244
pg14687.epub,68766,1414,0.15744699415408778,17.691278621044507
pg14708.epub,37199,613,0.14570284147423318,18.627441161742613
pg14712.epub,99707,1356,0.12220806964405709,18.244647758462946
pg14852.epub,142995,4234,0.17540473443127383,13.690282431785544
pg14858.epub,83487,2239,0.14766370812222263,13.415876586855214
pg14885.epub,61950,1415,0.13000807102502018,14.487839101964452
pg15013.epub,90275,3422,0.16058709498753806,9.318228736581338
pg15067.epub,129137,2153,0.13869766217273127,27.825253178194355
pg15094.epub,63027,2397,0.18309613340314468,11.143387553041018
pg15116.epub,66878,1733,0.1292951344238763,14.54185692541857
pg15117.epub,91365,1513,0.1618562907021288,22.24074975657254
pg15123.epub,50730,2050,0.1303370786516854,8.679213002566296
pg15179.epub,18618,127,0.11650016113438608,15.527939949958299
pg15181.epub,20561,564,0.14829045279898836,15.707410236822001
pg15182.epub,24358,589,0.12685770588718284,16.469235970250168
pg15183.epub,23314,554,0.14570644248091275,16.326330532212886
pg15244.epub,59418,1002,0.14387895923794136,21.669584245076585
pg15275.epub,175687,2851,0.14344829156397457,24.713321142214095
pg15315.epub,173405,4485,0.11474294282171794,16.90931253047294
pg15317.epub,4052,119,0.16584402764067127,12.702194357366771
pg15321.epub,188294,3281,0.1151921994328019,22.937507613594835
pg15430.epub,83222,1967,0.1370671216745572,16.056723905074282
pg15498.epub,147608,4242,0.1554319549075931,12.668039821489874
pg15527.epub,141520,3010,0.12374222724703222,13.706537530266344
pg15671.epub,65108,2005,0.1409197026479081,10.271020665720146
pg15704.epub,149381,3449,0.1453129916120524,11.632222395265535
pg15743.epub,72682,1839,0.11829613934674335,12.5573600552868
pg15774.epub,214989,6055,0.14856108917200414,15.476855517961269
pg15793.epub,21344,461,0.13179347826086957,12.735083532219571
pg15797.epub,92964,1604,0.11803493825566887,20.881401617250674
pg15799.epub,48972,115,0.10128236543330883,31.014566181127297
pg15864.epub,75623,1394,0.12576861536834033,18.69080573405833
pg15875.epub,84139,2970,0.18034443005027395,10.56624387793545
pg15895.epub,26162,640,0.13236755599724792,19.152269399707173
pg15934.epub,131959,3389,0.14078615327488084,15.4428320655354
pg15941.epub,51428,634,0.1096484405382282,20.612424849699398
pg15989.epub,44320,1128,0.13242328519855595,12.491544532130778
pg16039.epub,162071,4935,0.13668083741076442,15.84581540868205
pg16080.epub,192215,3550,0.09905574486902687,16.473688721288994
pg16094.epub,143044,4219,0.13260954671289954,13.945988105683924
pg16137.epub,117903,4340,0.19803567339253453,10.336021741036205
pg16138.epub,107093,1529,0.13479872634065718,18.660568043213104
pg16143.epub,61708,974,0.11932002333571012,17.585636933599314
pg16217.epub,175174,2919,0.15347026385194149,19.396966005979404
pg16252.epub,70073,945,0.11248269661638577,20.507170032191983
pg16283.epub,78996,1191,0.12839890627373537,16.379017209205887
pg1634.epub,66598,2820,0.11914772215381843,11.474500344589938
pg16345.epub,21352,509,0.1394248782315474,18.218430034129693
pg16381.epub,99828,3049,0.13033417478062267,11.766619519094766
pg16398.epub,156778,2745,0.11546262868514715,19.989544817034297
pg16403.epub,53213,1078,0.13782346419108113,18.08120965001699
pg16453.epub,76004,1757,0.1159544234513973,14.362055933484505
pg16497.epub,113499,3753,0.14156071859663963,12.247652962123665
pg16554.epub,90220,2026,0.13840611837729994,10.219755323969189
pg16574.epub,34945,496,0.18251538131349263,27.04721362229102
pg16612.epub,91173,1739,0.14545973040264112,12.302388341654298
pg16662.epub,131240,2440,0.14975617189881132,20.60282574568289
pg16676.epub,70586,1560,0.1325616977870966,20.45378151260504
pg16682.epub,66477,1991,0.18006227717857304,14.423302234758083
pg16703.epub,93794,1865,0.15104377678742778,17.717038156403476
pg16719.epub,10247,206,0.1377964282228945,12.840852130325814
pg16720.epub,135187,2180,0.11662363984702671,19.21907876030708
pg16730.epub,91070,1603,0.12554079279674976,17.316980414527478
pg16771.epub,58939,1782,0.11408405300395325,13.5367478180983
pg16788.epub,129091,1867,0.16325692728385402,23.712527553269656
pg16798.epub,150947,4253,0.1546039338310798,12.800797150610583
pg16799.epub,64174,1317,0.1401502165986225,10.699233077692565
pg16803.epub,97656,3122,0.14496805111821087,11.229990800367986
pg16836.epub,99644,2036,0.13749949821364055,16.565918536990857
pg16909.epub,76659,2495,0.1724520278114768,13.548780487804878
pg16919.epub,24976,1787,0.14814221652786674,10.42839248434238
pg16968.epub,52756,2041,0.18435817726893625,8.302801384954359
pg1699.epub,82779,2364,0.15015885671486728,10.022884126407556
pg16993.epub,157308,3532,0.133356218374145,17.529306886561177
pg17047.epub,90953,1563,0.10735214891207547,14.156108949416343
pg17048.epub,57411,1296,0.12185818048805978,18.627839065541856
pg17062.epub,59264,746,0.17881007019438444,26.433541480820697
pg17084.epub,84235,1385,0.12843829761975425,19.68107476635514
pg17141.epub,123620,2421,0.10384242032033651,15.89354589868861
pg17191.epub,97826,1656,0.15285302475824422,20.199463142680155
pg17241.epub,20041,301,0.10668130332817724,18.28558394160584
pg17308.epub,178427,4266,0.15981325696223106,15.632293674434905
pg17359.epub,71160,2321,0.1465148960089938,10.200688073394495
pg17390.epub,23459,906,0.15465279849950977,9.995313165743502
pg17402.epub,91485,2661,0.11260862436464994,11.216895537027955
pg17434.epub,106742,3824,0.16760038223005003,12.445143989740002
pg17446.epub,63595,2426,0.1368032077993553,11.35827826397571
pg1747.epub,55173,1778,0.16783571674550957,12.211819389110225
pg1748.epub,146873,4999,0.16481586132236695,13.211567869029414
pg17559.epub,26218,626,0.14737966282706538,14.854390934844192
pg17564.epub,151842,3498,0.14463060286350285,13.551271753681393
pg17642.epub,161469,2932,0.12905263549040374,12.676165803108809
pg17698.epub,176406,5974,0.1355055950477875,12.1692880794702
pg17745.epub,88196,1252,0.09935824753957095,13.802190923317683
pg17806.epub,59151,951,0.13232236141400822,16.861744583808438
pg17938.epub,86283,2732,0.13992327573218363,13.687024111675127
pg18022.epub,43212,863,0.13500879385355918,16.524665391969407
pg18052.epub,85341,2314,0.13107416130582017,14.575747224594364
pg18054.epub,39000,502,0.08556410256410256,22.478386167146976
pg1809.epub,77219,2247,0.12103238840181821,12.472783072201583
pg18239.epub,82459,1788,0.1653427764100947,17.809719222462203
pg18259.epub,73657,1802,0.16629783998805273,14.16753221773418
pg18280.epub,53341,1792,0.17907425807540167,12.949987861131342
pg1832.epub,42290,815,0.09616930716481438,15.19037356321839
pg1833.epub,15092,229,0.10197455605618871,16.28047464940669
pg18336.epub,63463,1636,0.12687707798244646,13.739554016020783
pg1834.epub,15358,347,0.09981768459434823,13.531277533039647
pg1835.epub,18064,421,0.10479406554472985,14.497592295345104
pg1836.epub,13704,375,0.1203298307063631,14.215767634854771
pg18434.epub,19417,472,0.1118092393263635,15.145865834633385
pg18443.epub,55360,1464,0.12355491329479769,10.720371804802479
pg18449.epub,171506,3321,0.15447272981703264,16.464049150427186
pg1846.epub,69100,2374,0.09862518089725036,10.029027576197388
pg18488.epub,87892,2456,0.1474764483684522,12.900631146337883
pg18489.epub,49787,1270,0.14218571112941128,13.953755605381167
pg1849.epub,75993,3069,0.1680681115365889,9.306024981631154
pg1851.epub,67198,1192,0.10135718324950148,17.085685227561658
pg18545.epub,49000,1377,0.14357142857142857,14.36950146627566
pg1857.epub,84455,1957,0.11324373926943343,14.151306970509383
pg18572.epub,115335,1956,0.12181037846273898,14.500251445813428
pg18705.epub,96926,2149,0.1003342756329571,17.124734982332157
pg18708.epub,76964,1252,0.1367132685411361,17.392994350282486
pg1875.epub,16218,225,0.1196818349981502,19.923832923832922
pg1878.epub,74594,1908,0.138657264659356,12.716331401295601
pg18822.epub,92843,1745,0.1303490839373997,19.508930447573018
pg18829.epub,35216,1001,0.12122330758746025,10.53740275284261
pg1888.epub,60334,1786,0.13465044585142705,17.422466069881605
pg18894.epub,109007,2144,0.1266891117084224,16.257568978374348
pg1897.epub,76456,1794,0.12209636915350006,16.445687244568724
pg18984.epub,57922,1879,0.17901660854252271,12.926132559696496
pg19121.epub,72682,685,0.11020610329930382,22.105231143552313
pg19147.epub,32866,594,0.11157427128339317,19.085946573751453
pg19173.epub,81434,1324,0.12300758896775303,14.140302135787463
pg19204.epub,31932,677,0.11837655016910936,15.220209723546235
pg19224.epub,35146,449,0.09497524611620099,18.333854981742306
pg19225.epub,90136,2618,0.13579479897044466,12.732871874558553
pg19257.epub,8493,225,0.1569527846461792,16.88469184890656
pg19259.epub,72643,2015,0.1453546797351431,20.27435110242813
pg19459.epub,59702,502,0.08842249840876353,25.180092787853226
pg19472.epub,14108,242,0.10299121066061809,20.53566229985444
pg19510.epub,88329,1596,0.10897893104190016,13.458631723297273
pg19512.epub,73085,2511,0.18078949168776082,11.359185576624183
pg1960.epub,34335,1006,0.13918741808650065,12.271265189421015
pg1963.epub,29314,696,0.12502558504468855,13.192619261926193
pg19818.epub,112976,1534,0.13012498229712505,15.798629562298979
pg20235.epub,34125,308,0.1595018315018315,28.60435875943001
pg20257.epub,10958,104,0.1853440408833729,43.832
pg20359.epub,51012,895,0.10934682035599466,18.127931769722814
pg20424.epub,95549,2371,0.13296842457796523,15.068443463176155
pg20429.epub,71037,2498,0.12421695736024889,12.085233072473631
pg20458.epub,72813,2698,0.13829947948855287,11.570475131098046
pg20462.epub,156779,2653,0.1373653359187136,16.550089728702627
pg20610.epub,175401,1762,0.17529546581832486,30.637729257641922
pg20615.epub,33661,555,0.13113098244258933,17.333161688980432
pg20661.epub,23156,307,0.11068405596821558,21.18572735590119
pg20835.epub,56104,1316,0.13294952231569943,17.246849062403935
pg20901.epub,57378,1719,0.13621945693471366,12.21068312406895
pg21067.epub,80872,618,0.11519438124443565,36.995425434583716
pg21087.epub,79730,1637,0.16829298883732596,22.93728423475259
pg2155.epub,88063,1881,0.1115224328037882,15.921713975772917
pg21578.epub,146411,1888,0.15135474793560594,21.716256303767427
pg21613.epub,46410,767,0.12975651799181212,16.463284852784675
pg21641.epub,120336,3450,0.1818076053716261,11.75845221809654
pg21674.epub,113134,2806,0.14041755794014177,15.55106529209622
pg21689.epub,92566,2143,0.10441198712270164,15.100489396411094
pg21690.epub,52033,1472,0.15811119866238732,15.667871123155676
pg21767.epub,141704,3768,0.16314994636707503,14.294764450721274
pg21821.epub,56751,1208,0.157970784655777,16.52620850320326
pg21858.epub,155596,3826,0.1359803593922723,14.588036752297018
pg21867.epub,116113,2709,0.1397690181116671,16.75270523733949
pg21870.epub,33862,438,0.10073238438367492,13.464015904572564
pg21887.epub,95660,1887,0.08667154505540456,16.564502164502166
pg21932.epub,62397,571,0.10038944180008655,19.347906976744188
pg21944.epub,45801,1252,0.13781358485622586,13.955210237659964
pg22158.epub,85474,2643,0.1384163605306877,10.22049503766591
pg22202.epub,51882,1000,0.14931960988396747,15.327031019202364
pg22205.epub,87620,1305,0.12465190595754394,20.137899333486555
pg22206.epub,15007,269,0.09262344239354968,15.697698744769875
pg22207.epub,22456,552,0.08906305664410402,13.576783555018137
pg22208.epub,9124,235,0.09392810170977642,12.960227272727273
pg22214.epub,147099,4445,0.19270015431784038,13.466904696511948
pg22221.epub,81066,2118,0.09006241827646609,13.45047287207566
pg22271.epub,10758,67,0.08654024911693624,28.611702127659573
pg22272.epub,28756,436,0.09448462929475587,17.364734299516908
pg22273.epub,13888,321,0.09972638248847926,16.092699884125146
pg22274.epub,20496,389,0.09938524590163934,15.261355174981386
pg22275.epub,43925,798,0.09106431417188389,17.44440031771247
pg22276.epub,150667,2950,0.0970418207039365,16.353739281450125
pg22476.epub,11163,144,0.1129624652871092,16.416176470588237
pg22532.epub,39860,979,0.10077772202709483,13.357908847184987
pg22660.epub,20087,194,0.09284611938069398,30.903076923076924
pg22781.epub,39674,1309,0.1299339617885769,12.226194144838212
pg2287.epub,84787,2570,0.15584936369962377,11.144453207150368
pg22883.epub,65383,1274,0.14234586972148724,15.611986628462272
pg22961.epub,154350,4692,0.16655004859086492,13.250064383208858
pg23009.epub,11214,142,0.11423220973782772,14.892430278884461
pg23010.epub,19227,273,0.11858324231549383,14.824209714726292
pg23012.epub,19626,358,0.13471924997452359,14.97025171624714
pg23106.epub,87416,1412,0.1423881211677496,18.372425388818833
pg23118.epub,101457,1110,0.11676868032762648,31.79473519272955
pg23157.epub,72416,1492,0.10750386654882899,14.362554541848473
pg23215.epub,64566,1855,0.15519003810054827,12.371335504885993
pg23222.epub,10457,158,0.1334034617959262,13.850331125827815
pg23223.epub,9976,243,0.1308139534883721,22.82837528604119
pg23246.epub,82371,2888,0.13167255466122785,11.675549255846917
pg23420.epub,9895,272,0.1415866599292572,13.036890645586297
pg23606.epub,70381,1933,0.15484292635796593,12.483327421071301
pg23629.epub,16893,238,0.1267980820458178,21.14267834793492
pg23630.epub,16017,159,0.11681338577761129,24.6036866359447
pg23631.epub,28462,283,0.12068723209893893,25.0325417766051
pg23632.epub,13073,282,0.13225732425610037,14.95766590389016
pg23633.epub,18283,283,0.13170705026527374,19.701508620689655
pg23664.epub,129464,3053,0.1410894148180189,17.09321362556113
pg23736.epub,101397,1803,0.12477686716569523,19.811840562719812
pg23741.epub,101128,1102,0.09920101257811882,18.320289855072463
pg23745.epub,80350,1472,0.15111387678904792,15.845000985998817
pg23789.epub,109202,3248,0.15083057086866541,14.859436658048715
pg23797.epub,112221,2593,0.14805606793737358,14.657915360501567
pg24769.epub,89497,2330,0.1820396214398248,12.642604887696002
pg24920.epub,50137,1750,0.15445678839978458,13.65014974135584
pg25702.epub,94049,1668,0.10443492222139523,12.300418519487314
pg25730.epub,114508,1294,0.07745310371327767,24.71573494496007
pg26259.epub,94345,2965,0.15399862207854154,13.312402991392691
pg26277.epub,93388,1548,0.1264509358804129,19.012214983713356
pg26306.epub,67903,2581,0.142011398612727,12.933904761904762
pg26482.epub,115956,3660,0.16858980992790368,14.243459034516643
pg2675.epub,151718,2112,0.15552538261775137,19.973407056345444
pg26768.epub,97752,1482,0.1369486046321303,17.936146788990825
pg26828.epub,151260,4536,0.0991141081581383,12.647157190635452
pg26847.epub,63604,983,0.13162694170177977,15.407945736434108
pg26925.epub,25804,1696,0.156874903115796,10.864842105263158
pg27323.epub,58454,1820,0.14842440209395422,12.405348047538201
pg27507.epub,158390,2929,0.10575162573394785,18.71116361488482
pg27549.epub,73130,1875,0.13694790099822235,14.970317297850563
pg27709.epub,6024,379,0.27141434262948205,6.103343465045593
pg27838.epub,24652,593,0.16805938666233977,14.49265138154027
pg27857.epub,65002,2216,0.18074828466816406,10.22526348906717
pg27909.epub,117560,1154,0.12653113303844846,30.83136637817991
pg28229.epub,75440,2187,0.15050371155885472,12.09943865276664
pg28236.epub,74127,1276,0.10676271803796188,15.328163771712159
pg28301.epub,97355,1893,0.15923167787992398,16.693244170096023
pg28459.epub,114847,2622,0.16139733732705253,15.03823490899568
pg28463.epub,179818,3428,0.15500116784749024,15.975302061122957
pg28465.epub,56728,1974,0.1572415738259766,10.840435696541181
pg28509.epub,70669,1236,0.13936803973453707,15.988461538461538
pg28717.epub,138310,2852,0.14399537271346974,20.60637663885578
pg28925.epub,192010,4232,0.0996458517785532,14.919191919191919
pg29071.epub,74679,1518,0.09172592027209792,19.58023072889355
pg29207.epub,78793,1336,0.102724861345551,17.435937154237664
pg29219.epub,70296,1735,0.1567372254466826,15.261832392531481
pg29274.epub,63358,956,0.1356261245620127,17.29203056768559
pg29315.epub,73269,2454,0.16997638837707627,13.895126114166509
pg29323.epub,82894,997,0.15595821169204044,32.24192921042396
pg29366.epub,136321,3462,0.14110078417851982,12.324473374920894
pg29400.epub,101551,1263,0.11347007907356894,21.253871912934283
pg29570.epub,51763,1218,0.14147170759036376,11.112709317303564
pg29646.epub,69900,1230,0.09343347639484978,19.57983193277311
pg29657.epub,59088,973,0.1177057947468183,15.050433010697912
pg29671.epub,69433,2001,0.1568130427894517,14.614396969059145
pg29695.epub,90275,1900,0.10090279700913875,12.705840957072484
pg29697.epub,91282,2581,0.13249052387108082,13.113345783651774
pg29699.epub,60372,943,0.146640826873385,15.713690786048932
pg29715.epub,58541,1277,0.13882578022240824,17.20276226858654
pg29726.epub,107154,2739,0.1616645202232301,14.354186202277294
pg29729.epub,39749,1377,0.1425696243930665,14.015867418899859
pg29743.epub,89522,1478,0.12945421237237775,21.426998563906174
pg29753.epub,88974,1619,0.09284734866365454,16.51949498700334
pg29760.epub,70008,2022,0.1368986401554108,13.061194029850746
pg29766.epub,76683,1691,0.12391273163543419,14.531552018192155
pg29808.epub,18001,359,0.11682684295316927,15.03842940685046
pg29847.epub,82599,2604,0.14170873739391518,9.616835487251135
pg29851.epub,51389,1018,0.1118138122944599,16.313968253968255
pg29860.epub,60168,1671,0.09932189868368568,11.694460641399417
pg29862.epub,83342,2389,0.14198123395166903,15.02469803497386
pg29868.epub,61612,1176,0.1552457313510355,10.849093150202501
pg29880.epub,98930,4447,0.1575962801981199,10.13211798443261
pg29890.epub,54694,342,0.120049731231945,20.678260869565218
pg29891.epub,12025,122,0.13247401247401247,19.810543657331138
pg29902.epub,176418,4743,0.14811413801312792,7.679697022462128
pg29945.epub,86359,2586,0.13478618325825914,13.00391507303117
pg30031.epub,144441,2851,0.10926260549290022,14.903115971935618
pg30037.epub,83951,2271,0.11497182880489809,13.794117647058824
pg30074.epub,55417,1275,0.13432701156684773,14.937196765498653
pg30075.epub,34037,1323,0.15847460116931575,13.076066077602766
pg30087.epub,59543,1171,0.1350620559931478,20.014453781512604
pg30089.epub,74546,531,0.12085155474472138,27.794929157345265
pg30090.epub,52351,1118,0.13862199384921015,14.32703886152162
pg30095.epub,90405,2892,0.1359216857474697,11.911067193675889
pg30106.epub,126023,4634,0.19794799362021218,15.154280904280904
pg30108.epub,119398,2202,0.1348263790013233,16.394068378415486
pg30110.epub,145698,2737,0.12000851075512362,17.56032300831626
pg30111.epub,137372,4943,0.16674431470750953,15.400448430493274
pg30115.epub,151952,2611,0.14022191218279456,13.365467499340312
pg30137.epub,82391,2241,0.15210399194086732,15.167709867452135
pg30183.epub,67044,491,0.1223375693574369,21.952848722986246
pg30193.epub,66184,1305,0.12063338571255892,15.9364314953046
pg30228.epub,60297,2496,0.1455296283397184,12.588100208768267
pg30245.epub,133101,3199,0.14704622805238127,16.8546283398759
pg30247.epub,128154,3009,0.141439205955335,17.46443172526574
pg30263.epub,79526,1635,0.10710962452531247,16.640719815861058
pg30286.epub,91160,3697,0.13038613426941642,9.927039093978003
pg30302.epub,25755,408,0.13228499320520287,21.338028169014084
pg30436.epub,116731,2062,0.13029101095681525,15.24102363232798
pg30448.epub,45057,718,0.1495439110460084,16.378407851690294
pg30464.epub,48305,798,0.0945864817306697,19.77282030290626
pg30466.epub,25203,526,0.13224616117128912,15.237605804111245
pg30483.epub,56931,1631,0.15411638650295972,15.792233009708738
pg305.epub,114601,1726,0.13803544471688728,14.992281527995814
pg30600.epub,37345,1344,0.14807872539831302,12.09750566893424
pg30617.epub,73636,1611,0.1534303873105546,17.890184645286688
pg30618.epub,92015,2454,0.15663750475465957,16.11753371868979
pg30627.epub,126381,1506,0.1086397480633956,19.40144304574762
pg30640.epub,24272,673,0.1325807514831905,16.693259972489685
pg30648.epub,52046,545,0.1312300657111017,15.989554531490015
pg30668.epub,31663,970,0.1613871079809241,13.67732181425486
pg30692.epub,171887,1703,0.12711257977624835,17.415096251266466
pg30704.epub,62641,703,0.11682444405421369,18.402173913043477
pg30713.epub,65836,2281,0.12897199100795917,10.864026402640263
pg30724.epub,95750,1527,0.12383289817232376,13.172375842619342
pg30733.epub,63461,1053,0.11082397062762957,17.14698730072953
pg30736.epub,114314,1515,0.10156236331507952,18.566509663797305
pg30776.epub,71753,1011,0.12173707022702883,23.525573770491803
pg30817.epub,42631,1780,0.13804508456287679,10.159914204003814
pg30838.epub,69526,2021,0.16681529212093318,14.00604351329573
pg30980.epub,62661,1932,0.12843714591213035,15.245985401459855
pg31004.epub,149252,2084,0.1793141800444885,16.721039659421912
pg31083.epub,9338,118,0.1060184193617477,18.132038834951455
pg31241.epub,114821,1539,0.10997117252070614,13.175100401606425
pg31561.epub,67982,1059,0.10173281162660704,17.598239710069894
pg31563.epub,38736,560,0.15360388269310202,23.97029702970297
pg31568.epub,44473,543,0.13383401164751646,26.7265625
pg31578.epub,104414,1987,0.11042580496868236,16.977886178861787
pg31668.epub,198063,2165,0.14086427045939928,22.921305404467077
pg31813.epub,43101,873,0.1436161573977402,16.1547976011994
pg31820.epub,208459,2406,0.1457073093509995,22.50934024403412
pg31825.epub,110005,3065,0.18794600245443388,15.14386013215859
pg31915.epub,70918,1546,0.11930680504244338,11.922999327505044
pg31927.epub,32477,404,0.07534562921452105,18.675675675675677
pg31984.epub,154980,3495,0.1424506387921022,14.7319391634981
pg32042.epub,78862,764,0.08905429738023382,13.908641975308642
pg32082.epub,60257,1376,0.158603979620625,18.15516721904188
pg32114.epub,120357,1682,0.10414018295570678,11.959161367249603
pg32115.epub,48007,1793,0.16264294790343076,10.286479537175916
pg32116.epub,53356,772,0.08833120923607467,17.239418416801293
pg32132.epub,81796,1185,0.118905569954521,18.258035714285715
pg32424.epub,180484,2414,0.14000687041510604,26.460049846063626
pg32428.epub,90462,1807,0.12716941920364352,13.485688729874777
pg32516.epub,63376,1355,0.14748485231002273,19.398836853382306
pg32560.epub,138481,2628,0.1151493706717889,20.622635889798957
pg32576.epub,46223,262,0.1091664322956104,23.607252298263536
pg32692.epub,151553,2475,0.15844622013421047,21.267611563289364
pg32693.epub,74038,1455,0.15171938734163537,21.09945853519521
pg32732.epub,62725,2192,0.1703945795137505,11.509174311926605
pg32757.epub,23952,719,0.14445557782231128,14.840148698884759
pg32826.epub,110229,2662,0.13716898456848925,14.592136616362192
pg32840.epub,203317,4370,0.17342376682717137,17.96880247459125
pg32882.epub,108931,1882,0.12038813560877987,12.052555875193628
pg32915.epub,51642,2303,0.24218659230858602,10.355323841989172
pg32917.epub,111729,2245,0.18138531625629872,20.303289115028168
pg32929.epub,94348,3673,0.2403548564887438,14.506150061500614
pg32936.epub,81641,1438,0.1289058193799684,12.907667984189723
pg33004.epub,80311,1511,0.1458330739251161,16.74890510948905
pg33019.epub,48328,643,0.11674391657010429,18.080059857837636
pg33081.epub,204503,3272,0.14072165200510506,22.849497206703912
pg33099.epub,43273,648,0.12527442053936635,15.577033837293017
pg33195.epub,85819,1841,0.13254640580757174,14.33183032732131
pg33312.epub,110674,3027,0.19243905524332724,14.317464424320828
pg33401.epub,28237,546,0.1419768388993165,17.22818791946309
pg33423.epub,67639,1619,0.14564082851609278,14.608855291576674
pg33468.epub,130992,3106,0.19079027726884085,18.325685506435367
pg33469.epub,135680,3174,0.1784935141509434,18.81569823880183
pg33482.epub,39121,839,0.11863193681143121,13.607304347826087
pg33490.epub,126451,4599,0.14823133071308253,12.450866482867271
pg33498.epub,51842,1323,0.1544693491763435,11.067890691716482
pg33556.epub,152661,3108,0.16619175820936585,20.10019749835418
pg33565.epub,103524,2644,0.13975503264943395,14.893396633577902
pg33604.epub,199917,4614,0.17743363495850778,18.4595567867036
pg33664.epub,108838,2614,0.16214924934306033,12.865011820330968
pg33695.epub,18204,364,0.13348714568226763,17.847058823529412
pg33715.epub,125468,2212,0.1326712787324258,13.183566249868656
pg33747.epub,75901,1255,0.11421456897801083,15.569435897435897
pg33759.epub,60533,1311,0.12698858473890276,15.005701536936044
pg33780.epub,79733,2639,0.19612958248153212,11.758295236690753
pg33867.epub,76857,1618,0.13531623664728,18.53762662807525
pg33892.epub,81920,2198,0.1320068359375,14.20249653259362
pg33945.epub,61871,1631,0.11060108936335278,14.748748510131108
pg33959.epub,84033,1614,0.12195209025025883,15.550148038490008
pg33973.epub,27823,418,0.16479171908133558,19.44304682040531
pg33989.epub,75118,2099,0.1556085092787348,16.358449477351915
pg34034.epub,100580,1750,0.16061841320342016,14.717588527948493
pg34035.epub,86842,2748,0.15620321964026623,11.566595631326585
pg34046.epub,61581,1899,0.14156963998635944,7.863746647937684
pg34088.epub,85048,2563,0.17960445865863983,12.950814679457896
pg34138.epub,65814,2506,0.23627191782903334,13.609181141439207
pg34140.epub,134793,4351,0.19035113099344922,15.688198324022347
pg34142.epub,109277,2657,0.1822432899878291,17.855718954248367
pg34166.epub,90196,2735,0.1295401126435762,12.577883140426719
pg34168.epub,82945,3100,0.1686539273012237,14.947738331230852
pg34202.epub,84527,1633,0.13279780425189586,21.000496894409938
pg34244.epub,120975,4051,0.2018598884066956,15.247668263171162
pg34246.epub,145680,6092,0.20157880285557386,12.704281852271736
pg34248.epub,124827,4927,0.2027606206990475,13.03812408606643
pg34277.epub,79303,2874,0.13690528731573837,12.168635875402792
pg34402.epub,89305,2838,0.14323946027658027,12.87001008790892
pg34415.epub,94433,2755,0.13043109929791494,13.803976026896652
pg34428.epub,150626,2896,0.14059325747214957,20.112965683001736
pg34482.epub,68822,2075,0.20901746534538374,14.877215737137917
pg34500.epub,137250,3789,0.1452094717668488,15.790381960423378
pg34567.epub,90638,3103,0.15444956861360576,9.501834573854701
pg34575.epub,88289,2497,0.12546296820668487,11.547083442322783
pg34587.epub,36203,988,0.159240946882855,10.73954316226639
pg34598.epub,203345,3452,0.1351889645676068,18.577105792070164
pg34599.epub,53200,922,0.1481578947368421,22.990492653414
pg34609.epub,128914,4986,0.1984578866531176,13.939662629757786
pg34616.epub,114079,1149,0.11605115753118453,24.143703703703704
pg34619.epub,65363,798,0.14188455242262443,17.785850340136054
pg34628.epub,82633,1788,0.13933900499800322,14.532711924023918
pg34629.epub,27483,339,0.15835243605137722,25.61323392357875
pg34657.epub,71861,1727,0.15645482250455742,17.805004955401387
pg34658.epub,83440,1115,0.15888063279002876,20.0288046087374
pg34659.epub,87428,1539,0.14297479068490643,20.860892388451443
pg34662.epub,5355,81,0.14640522875816994,23.590308370044053
pg34663.epub,98535,3749,0.1935048459938093,14.200172935581495
pg34664.epub,71258,2952,0.21010974206404895,13.329218106995885
pg34709.epub,99351,3568,0.15253998449940112,9.199166666666667
pg34710.epub,96325,2113,0.10738645211523488,16.691214694160458
pg34738.epub,52566,1000,0.1030514020469505,12.342333881192769
pg34748.epub,196415,3598,0.15065549983453402,17.502673320263767
pg34794.epub,120085,2713,0.13259774326518717,19.377924802323705
pg34835.epub,74590,1795,0.14881351387585467,11.97655748233783
pg34849.epub,38639,435,0.13463081342684852,29.495419847328243
pg34932.epub,34714,150,0.16189433657890187,27.950080515297905
pg34933.epub,29863,440,0.14178079898201787,25.766177739430542
pg34934.epub,54383,2790,0.13557545556515824,11.799305706226948
pg34947.epub,52199,1120,0.12756949366846107,17.075237160614982
pg34968.epub,31742,497,0.17062566946002142,22.852411807055436
pg34999.epub,42689,1021,0.14415891681697862,17.713278008298754
pg35003.epub,25953,465,0.1121257658074211,19.153505535055352
pg35038.epub,65060,817,0.1774515831540117,15.15490333100396
pg35057.epub,35730,423,0.14147774979009237,28.629807692307693
pg35058.epub,30801,339,0.13704100516217005,32.697452229299365
pg35077.epub,90437,1735,0.14237535521965566,15.19694169047219
pg35078.epub,53489,1309,0.1292415262951261,11.709500875656742
pg35140.epub,30811,644,0.12333257602804193,14.17901518637828
pg35146.epub,91910,2311,0.1655967794581656,12.856343544551686
pg35203.epub,76792,2284,0.14937753932701323,13.804062556174726
pg35205.epub,64402,2159,0.1392037514362908,12.183503594400303
pg35214.epub,89510,2126,0.1252932633225338,18.3422131147541
pg35217.epub,73977,2548,0.173972991605499,10.760290909090909
pg35233.epub,111333,4628,0.18103347614813217,11.60081275398562
pg35254.epub,64123,2382,0.20134741044554996,13.139959016393442
pg35294.epub,57440,1109,0.13770891364902507,23.473641193297915
pg35296.epub,131168,2890,0.1636984630397658,18.306769016050243
pg35297.epub,87997,2046,0.16314192529290772,17.57479528659876
pg35304.epub,67372,1764,0.16247105622513805,15.201263537906136
pg35313.epub,27202,731,0.11216087052422616,13.4796828543112
pg35326.epub,89641,1626,0.12415077921933045,14.497978327672651
pg35336.epub,78674,1303,0.10882883798967893,16.83946917808219
pg35358.epub,89453,1897,0.1339250779739081,15.55433837593462
pg35361.epub,83090,2469,0.16793838006980383,12.53999396317537
pg35367.epub,143535,2109,0.17138676977740622,27.849243306169964
pg35368.epub,62805,1272,0.1479977708781148,25.70814572247237
pg35384.epub,120790,3252,0.1835830780693766,14.839066339066338
pg35424.epub,51887,953,0.10659702815734191,17.751282928498117
pg35428.epub,59405,1237,0.1438262772493898,14.238974113135187
pg35429.epub,58906,1032,0.13538518996367094,14.894058154235145
pg35430.epub,66121,1126,0.12437803421000893,14.477994306984892
pg35441.epub,22262,144,0.14715658970442907,25.41324200913242
pg35442.epub,107317,1075,0.14081645964758613,23.933318465655663
pg35443.epub,143150,3306,0.12242403073698917,20.722350897510132
pg35462.epub,107532,2971,0.18471710746568462,13.080160564408223
pg35484.epub,70006,1608,0.11110476244893294,15.863584862905054
pg35509.epub,35487,666,0.13734607039197452,12.820447976878613
pg35517.epub,58767,614,0.11887624006670411,23.12750885478158
pg35523.epub,109137,4281,0.18370488468622007,12.258452207121195
pg35527.epub,147529,6159,0.19982511912912038,12.774179582647848
pg35528.epub,107711,1540,0.12172387221360864,33.59669369931379
pg35533.epub,70080,1204,0.1384417808219178,19.26333150082463
pg35548.epub,124320,2515,0.1021476833976834,16.58042144571886
pg35599.epub,91637,3039,0.15683621244693738,12.709708737864078
pg35661.epub,111697,3209,0.14422947796270266,11.457277669504565
pg35664.epub,116950,860,0.1633347584437794,29.826574853353737
pg35691.epub,68610,1673,0.15270368750910945,14.016343207354444
pg35740.epub,49894,1748,0.1536858139255221,13.45214343488811
pg35765.epub,116281,2037,0.11446409989594172,15.78403692140627
pg35769.epub,37383,526,0.13880640933044433,27.85618479880775
pg35785.epub,114158,2051,0.13255312812067485,12.44635848233755
pg35787.epub,50803,1075,0.14930220656260457,12.88108519269777
pg35833.epub,46850,1337,0.11790821771611526,12.658740880843016
pg35902.epub,97514,2258,0.12900711692680025,12.36859462201928
pg35912.epub,93063,1923,0.12522699676563187,16.050879613659884
pg35913.epub,118532,4203,0.1364272938953194,13.269002574722938
pg36027.epub,126007,2779,0.13449252819287819,18.03965640658554
pg36029.epub,115974,2465,0.12139789952920482,17.773793103448277
pg36071.epub,96583,872,0.14630939192197384,25.956194571351787
pg36087.epub,96127,812,0.1445795666149989,23.75852694018784
pg36159.epub,173027,5645,0.1573511648471048,10.973996321430837
pg36199.epub,64370,2817,0.22417275128165295,13.011926420052557
pg36232.epub,52463,861,0.11268894268341498,14.666759854626783
pg36247.epub,70212,2765,0.18492565373440437,12.217156777449103
pg36353.epub,119657,773,0.1381114351855721,27.48208543867708
pg36360.epub,105446,3323,0.1504371905999279,15.832732732732733
pg36364.epub,38280,745,0.13035527690700105,15.336538461538462
pg36366.epub,108383,3951,0.18201193914174732,13.92739655615523
pg36374.epub,122295,3163,0.13738092317756245,14.567599761762954
pg36401.epub,52845,1413,0.15511401267858832,13.277638190954773
pg36403.epub,123655,1010,0.177235049128624,23.014144798064397
pg36414.epub,103543,1739,0.1254744405705842,11.368357487922705
pg36439.epub,50066,1232,0.1474853193784205,16.716527545909848
pg36467.epub,49492,2054,0.18409035803766266,9.942145439935716
pg36588.epub,99225,2190,0.14565885613504662,15.020435967302452
pg36593.epub,100777,1937,0.13608263790348987,15.66806592039801
pg36713.epub,75991,1712,0.14559618902238422,17.713519813519813
pg36723.epub,185061,5840,0.18458778456833153,16.566198191746487
pg36758.epub,81873,2087,0.13205818768092045,16.898452012383903
pg36875.epub,119910,2094,0.1560336919356184,28.381065088757396
pg37081.epub,59062,1175,0.12461481155396024,19.263535551206783
pg37107.epub,96423,2601,0.14715368739823487,11.873291466568157
pg37204.epub,73284,1830,0.11863435401997707,17.494390069228935
pg37208.epub,102839,1675,0.13525024552941978,17.50749063670412
pg37338.epub,60724,1556,0.13345629405177525,15.330472103004292
pg37355.epub,35175,553,0.12733475479744136,15.454745166959578
pg37412.epub,107352,2705,0.12304381846635368,14.526657645466846
pg37430.epub,65393,2339,0.17748077011300903,10.283535147035698
pg37451.epub,7174,72,0.10733203233900195,18.070528967254408
pg37467.epub,31397,421,0.13074497563461476,26.78924914675768
pg37476.epub,49715,1037,0.1566931509604747,21.4012053379251
pg37479.epub,64422,1210,0.12646300953090558,14.23376049491825
pg37490.epub,80055,1733,0.09779526575479358,14.439935064935066
pg37664.epub,92684,1512,0.11075266496914246,14.463795255930087
pg37710.epub,71385,2409,0.17315962737269736,11.78359194453615
pg37781.epub,85749,1885,0.11616461999556846,13.810436463198583
pg37827.epub,164137,5739,0.16578224288247012,12.797208794635896
pg37838.epub,3075,84,0.13235772357723577,14.927184466019417
pg37866.epub,47534,1040,0.1527958934657298,14.693663060278206
pg37913.epub,66178,1239,0.0901961376892623,13.566625666256662
pg37919.epub,60468,1315,0.12284183369716213,14.393715781956677
pg38006.epub,64230,1360,0.13132492604701854,22.240304709141274
pg38186.epub,141523,3200,0.10110724051920889,13.646032205187542
pg38199.epub,55553,1558,0.14397062264864183,15.534955257270694
pg38212.epub,69487,1547,0.09912645530818714,19.205914870093974
pg3828.epub,99583,2635,0.12357530903869134,13.104750625082248
pg38291.epub,44283,791,0.10200302599191563,21.987586891757697
pg38292.epub,44520,790,0.09180143755615454,21.952662721893493
pg38325.epub,86220,1711,0.14497796334957086,12.63111631995312
pg38368.epub,96360,2855,0.15160855126608552,12.825768667642752
pg38474.epub,76711,1092,0.16096778819204546,16.75278445075344
pg38489.epub,91883,1845,0.07581380668894137,9.754033970276009
pg38623.epub,47670,1434,0.1671911055170967,11.15348619560131
pg38624.epub,48062,1385,0.16491198868128668,11.800147311563958
pg38625.epub,1855,63,0.16819407008086254,11.174698795180722
pg38679.epub,78084,1677,0.1396957123098202,13.923680456490727
pg38689.epub,107002,2483,0.12102577521915478,12.394532607436581
pg38702.epub,41748,1410,0.15375586854460094,12.18919708029197
pg38715.epub,14366,276,0.12292913824307393,16.306469920544835
pg38798.epub,53735,1400,0.1352377407648646,16.34773349558868
pg38888.epub,86278,2767,0.15527712742529962,15.666969311785001
pg39018.epub,77421,2186,0.1379341522325984,13.038228359717076
pg39066.epub,102625,2236,0.1377442143727162,16.592562651576394
pg39111.epub,47928,1314,0.17050575863795694,12.609313338595106
pg39192.epub,52676,1296,0.15500417647505504,16.343779087806393
pg39193.epub,52838,1441,0.1668306900336879,14.555922865013773
pg39207.epub,40980,737,0.15473401659346023,22.983735277621985
pg39345.epub,41967,830,0.14049133843257797,13.910175671196553
pg39349.epub,79841,1891,0.11851053969764908,12.90463875868757
pg39359.epub,40103,871,0.1852230506445902,24.908695652173915
pg39377.epub,72846,1734,0.1586222990967246,12.475766398355884
pg39417.epub,117464,3565,0.13613532656814004,12.042649169571458
pg39425.epub,27266,416,0.17164233844348273,22.36751435602953
pg39556.epub,111994,2488,0.10570209118345626,15.197991586375355
pg39616.epub,37849,473,0.10214272503897065,19.733576642335766
pg39660.epub,107338,1892,0.10178128901227897,17.8154356846473
pg39692.epub,71904,1689,0.1548731642189586,13.128354938835129
pg39693.epub,71495,1939,0.16010909853835933,11.995805369127517
pg39731.epub,54363,1421,0.12328237955962695,12.480027548209366
pg39768.epub,95440,2373,0.15812028499580888,15.975895547371945
pg39813.epub,112892,2762,0.1753180030471601,14.254040404040405
pg39905.epub,55535,1187,0.12356171783559917,16.097101449275364
pg39940.epub,66619,2214,0.16750476590762395,13.951623036649215
pg40111.epub,40157,767,0.14353661877132257,20.128822055137846
pg40114.epub,144588,3151,0.14533017954463717,17.313854628188242
pg40180.epub,31125,575,0.14544578313253012,24.071925754060324
pg40199.epub,44771,907,0.1759621183355297,24.083378160301237
pg40278.epub,109076,2555,0.12419780703362793,14.939871250513628
pg40324.epub,46608,706,0.1368434603501545,15.98902229845626
pg40325.epub,41586,688,0.13530996008272014,14.236905169462513
pg40347.epub,74045,1640,0.1533526909311905,16.177627266768624
pg40348.epub,105473,3545,0.12382315853346354,10.3832447332152
pg40418.epub,51746,1241,0.15896880918331852,17.364429530201342
pg40431.epub,44616,668,0.14956517841133227,24.855710306406685
pg40432.epub,43627,736,0.13856098287757582,23.493268712977923
pg40433.epub,42739,768,0.1286646856501088,21.89497950819672
pg40450.epub,80094,2182,0.14094688740729644,15.45321242523635
pg40451.epub,86988,2198,0.12953510829079873,13.191992720655142
pg40452.epub,37072,1248,0.08780211480362538,10.499008779382612
pg4046.epub,22517,263,0.13212239641160012,18.217637540453076
pg40484.epub,27145,881,0.12481119911585928,11.680292598967299
pg40491.epub,50991,1072,0.14371163538663687,15.395833333333334
pg40493.epub,81244,2611,0.12099355029294472,12.6096538879404
pg40495.epub,44389,726,0.1645452702246052,15.9500538986705
pg40545.epub,68229,970,0.12733588356857056,14.793798785776236
pg40566.epub,52066,1356,0.12543694541543426,12.631246967491508
pg40611.epub,58972,2125,0.1329953198127925,11.273561460523801
pg40651.epub,31503,955,0.1404945560740247,13.474337040205304
pg40672.epub,31719,1055,0.19448910747501497,13.654326302195438
pg40673.epub,57125,2106,0.19754923413566738,13.060128029263831
pg40674.epub,57576,2243,0.23575795470334862,12.395263724434876
pg40702.epub,175244,3195,0.14556846454086872,22.110017663386323
pg40821.epub,57204,1184,0.11189776938675618,15.76736493936053
pg4084.epub,312265,1865,0.12814436456215073,42.66498155485722
pg40926.epub,18861,548,0.1664810985631727,15.01671974522293
pg40998.epub,77230,2100,0.17388320600802798,14.929441329982602
pg40999.epub,64687,1660,0.14870066628534326,16.654737384140063
pg41089.epub,78819,1897,0.13221431380758447,16.939393939393938
pg41122.epub,62175,1608,0.1446562123039807,11.074991093694335
pg41191.epub,28482,253,0.15062144512323572,14.904238618524333
pg41212.epub,42580,475,0.1489431658055425,30.633093525179856
pg41247.epub,153723,1517,0.1575496184695849,18.50078228427007
pg41284.epub,25768,335,0.12992859360447065,21.19078947368421
pg41313.epub,48727,770,0.0960453136864572,21.968890892696123
pg41314.epub,51558,1227,0.10927499127196555,17.094827586206897
pg41315.epub,46343,1014,0.09904408432773018,17.42873260624295
pg41329.epub,55494,1174,0.12961761631888133,17.62833545108005
pg41330.epub,50215,1375,0.14067509708254505,14.922734026745914
pg41331.epub,54193,1683,0.15081283560607459,14.766485013623978
pg41332.epub,131091,1268,0.1663806058386922,19.600927033492823
pg41339.epub,55718,969,0.14230589755554757,19.166838665290676
pg41340.epub,52799,968,0.13151764237959052,18.075659020883258
pg41341.epub,58651,1182,0.13900871255392064,16.415057374755108
pg41374.epub,62789,1001,0.12121549953017248,19.945679796696314
pg41375.epub,58836,1033,0.11982459718539669,18.797444089456867
pg41376.epub,56985,1113,0.12980608932175133,18.610385369039843
pg41459.epub,64784,1205,0.12936836255865647,15.232541735245709
pg41483.epub,55964,1240,0.12332928311057108,18.792478173270652
pg41490.epub,9978,186,0.1466225696532371,19.91616766467066
pg41525.epub,61505,1603,0.14758149743923257,14.356909430438842
pg41542.epub,85508,1880,0.17746877485147589,16.989469501291477
pg41564.epub,57285,1219,0.17351837304704548,22.95991983967936
pg41660.epub,30491,922,0.14768292282968745,16.073273589878756
pg41672.epub,166793,3716,0.1666856522755751,14.469766634857292
pg41764.epub,53451,903,0.10426371817178351,24.826288899210404
pg41790.epub,56072,1608,0.14361891853331432,14.11681772406848
pg41794.epub,76903,1142,0.1726590640157081,21.017491117791746
pg41817.epub,151004,3060,0.12587083785859976,15.964055396976425
pg41844.epub,100449,3366,0.1669802586387122,12.290346262082467
pg41859.epub,100144,2154,0.12548929541460296,15.518983418565009
pg41863.epub,40103,931,0.14028875645213576,18.421221864951768
pg41932.epub,169638,5334,0.16487461535740813,14.266083592633084
pg41963.epub,59045,1400,0.1447709374206114,13.153263533080864
pg42010.epub,48122,1133,0.07888283944973193,14.995948893736367
pg42095.epub,41806,500,0.14689279050853946,26.50982878883957
pg42115.epub,102374,3110,0.15584035008888975,16.066227244193346
pg42117.epub,86023,2755,0.1715471443683666,17.530670470756064
pg42145.epub,43325,1086,0.14051933064050778,15.32001414427157
pg42165.epub,48425,1143,0.1379659266907589,15.773615635179153
pg42174.epub,45610,971,0.1285682964262223,17.65092879256966
pg42320.epub,64508,1573,0.14915979413406089,15.139169209105845
pg42423.epub,77136,1729,0.1125674133997096,15.8422674060382
pg42462.epub,112291,1555,0.13164901906653248,20.71407489393101
pg42491.epub,54222,690,0.13695547932573493,24.872477064220185
pg42492.epub,57917,756,0.13319060034186853,22.955608402695205
pg42493.epub,57797,799,0.12758447670294307,20.760416666666668
pg42496.epub,43338,862,0.11809497438737367,14.577194752774975
pg42498.epub,44818,931,0.11664956044446428,12.75049786628734
pg42499.epub,46033,986,0.10492472791258445,13.974802671523983
pg42519.epub,76459,1957,0.1067107861729816,12.308274307791372
pg42533.epub,52867,881,0.07617228138536326,11.053104745975329
pg42534.epub,52630,1716,0.09232376971309139,9.464125157345801
pg42536.epub,95907,2935,0.15513987508732419,11.986876640419947
pg42581.epub,21164,802,0.11217161217161217,5.973468811741462
pg426.epub,50302,915,0.12043258717347223,17.812322946175637
pg42714.epub,62370,2685,0.21351611351611352,10.947867298578199
pg42750.epub,33368,914,0.12514984416207145,12.372265480163144
pg42751.epub,33699,724,0.12353482299178017,14.865019850022055
pg42752.epub,32584,931,0.13755217284556837,12.793089909697683
pg42763.epub,77595,1836,0.10960757780784844,13.530078465562337
pg42772.epub,78249,1605,0.1191197331595292,14.144793926247289
pg42807.epub,62664,1302,0.13286735605770458,16.01021972406745
pg42905.epub,45146,1094,0.13443051433128073,13.718018839258583
pg42906.epub,44403,774,0.13048667882800713,15.154607508532424
pg42907.epub,41381,653,0.12539571300838548,15.19684171869262
pg42926.epub,104926,2731,0.12561233631321123,14.61568463574314
pg43037.epub,104308,3535,0.167082103002646,11.627243339649983
pg43080.epub,13373,221,0.10603454722201451,21.431089743589745
pg43162.epub,122781,2947,0.1661820640001303,17.366478076379067
pg43190.epub,145686,2751,0.12351221119393764,15.039331062248374
pg43449.epub,41198,761,0.07602310791786009,13.149696776252792
pg43489.epub,145876,3526,0.18762510625462722,14.69931479242241
pg43498.epub,69626,1183,0.14187228908740987,18.13649387861422
pg43499.epub,63323,873,0.12472561312635219,20.064321926489228
pg43716.epub,95325,2739,0.17998426435877263,17.275280898876403
pg43743.epub,47237,431,0.10889768613586807,28.680631451123254
pg43925.epub,97146,3075,0.18777921890762359,17.466019417475728
pg44018.epub,51999,713,0.17984961249254794,22.09902252443689
pg44264.epub,27108,340,0.14453297919433378,25.57358490566038
pg44326.epub,43308,1888,0.18597025953634433,9.325581395348838
pg44375.epub,75124,2352,0.15741973270858847,18.080385078219013
pg44421.epub,116975,3580,0.17163496473605472,18.56451356927472
pg44454.epub,100989,2691,0.15113527215835387,20.792464484249535
pg44581.epub,38735,601,0.1148831805860333,15.842535787321063
pg44633.epub,153091,3179,0.12026833713281643,17.355288516041266
pg44796.epub,26863,571,0.09366042512005361,12.249430004559963
pg44803.epub,67313,2557,0.15621053882608113,13.52481414506731
pg44819.epub,74684,2318,0.14178405013121953,15.069410815173526
pg44828.epub,122425,4283,0.18011843986113948,12.88141835016835
pg44841.epub,71560,2601,0.17926215762996087,11.278171788810086
pg44872.epub,64938,2222,0.18991961563337337,12.785587714116952
pg44878.epub,91149,1536,0.08419181779284468,12.901486199575372
pg44984.epub,62896,2572,0.18783388450775884,11.521524088660927
pg45042.epub,19235,432,0.16256823498830258,16.653679653679653
pg45047.epub,74240,1711,0.1372979525862069,16.66068222621185
pg45104.epub,13347,216,0.12002697235333783,19.570381231671554
pg45401.epub,63438,2294,0.1727671111951827,18.91413237924866
pg45402.epub,85491,3025,0.18145769730147032,18.880521201413426
pg45403.epub,59149,2210,0.18345196030363997,16.94813753581662
pg45618.epub,24117,1285,0.16822158643280674,12.119095477386935
pg45622.epub,70036,2085,0.16534353760922954,12.801316029976238
pg45636.epub,79583,2245,0.15476923463553774,12.220976658476658
pg45816.epub,56765,576,0.1456883643089932,20.522415039768617
pg45817.epub,60455,440,0.1365313042759077,22.007644703312703
pg45818.epub,14768,127,0.13739165763813652,20.092517006802723
pg45872.epub,25868,907,0.15180918509355187,17.466576637407158
pg45912.epub,64222,2313,0.19245741334745103,13.288226774260293
pg46008.epub,60806,1958,0.19968424168667565,12.384114052953157
pg46064.epub,67506,2599,0.16974787426302848,12.370533260032985
pg46217.epub,63215,694,0.11693427192913075,17.477191042300248
pg4632.epub,78130,2144,0.15391014975041598,12.431185361972952
pg4634.epub,37807,1405,0.1734599412807152,8.559429477020602
pg46402.epub,36971,991,0.12828974060750317,15.430300500834724
pg46457.epub,63715,2129,0.11953229223887625,12.347868217054264
pg46505.epub,138359,3068,0.1716548977659567,13.160753352991534
pg4653.epub,218674,3420,0.1517281432634881,18.03050791556728
pg46566.epub,85649,2834,0.12451984261345725,15.99421101774043
pg46623.epub,70227,1186,0.14797727369815028,23.292537313432835
pg4676.epub,80690,2101,0.1826248605775189,17.935096688152925
pg47211.epub,140751,2062,0.13847148510490156,19.144586507072905
pg47282.epub,132858,3997,0.16414517755799424,14.21245186136072
pg4733.epub,82064,1950,0.09903246246831741,12.970444128338865
pg47338.epub,44807,934,0.16472872542236705,22.872383869321084
pg4745.epub,72888,1828,0.1281966853254308,10.944144144144143
pg47455.epub,48174,892,0.10949889982148046,15.509980682549903
pg47697.epub,39410,900,0.13192083227607207,12.531001589825118
pg47744.epub,110716,2413,0.1206600671989595,15.715542938254082
pg47771.epub,43398,542,0.1555371215263376,23.244777718264597
pg47772.epub,38599,620,0.17233607088266537,21.266666666666666
pg47773.epub,38740,467,0.15371708828084668,23.225419664268586
pg4790.epub,74809,2155,0.1307596679543905,10.34988931931378
pg4794.epub,97408,2412,0.14214438239159002,17.267860308455948
pg4795.epub,39183,728,0.11693846821325575,27.76966690290574
pg47997.epub,6602,141,0.15237806725234776,15.832134292565947
pg48297.epub,46044,618,0.11030753192598385,20.796747967479675
pg48482.epub,54434,1229,0.15683212697946136,17.696358907672302
pg48483.epub,56075,1311,0.154079358002675,17.501560549313357
pg48989.epub,26101,406,0.12980345580629093,20.407349491790463
pg4903.epub,89088,1730,0.15578978089080459,12.20550760378134
pg4918.epub,85576,1852,0.12308357483406562,17.9781512605042
pg4923.epub,103988,1761,0.14588221717890526,20.494284588096175
pg4929.epub,74269,1766,0.16043032759293918,12.457061388795706
pg49537.epub,107778,4341,0.1787470541297853,12.401104590956162
pg4955.epub,56963,1148,0.17002264627916366,15.186083711010397
pg49680.epub,93316,3724,0.1810943460928458,11.764498234997479
pg49718.epub,158025,1671,0.13208036703053314,27.821302816901408
pg50042.epub,159304,2558,0.16997689951288103,21.556698240866034
pg502.epub,104617,2047,0.11065123259126146,11.320960934963749
pg50209.epub,63263,2521,0.2002276212003857,10.994612443517553
pg50440.epub,149210,4971,0.17708598619395483,12.51761744966443
pg50688.epub,193897,1917,0.13928013326663125,31.911948650427913
pg5094.epub,86407,3053,0.10797736294513176,13.07809898592402
pg51251.epub,166614,1884,0.16792106305592566,27.354129042850108
pg51455.epub,146974,2128,0.16804332739123926,23.81302657161374
pg515.epub,59515,929,0.1605645635554062,16.661534154535275
pg5151.epub,74460,3198,0.133467633628794,12.270929466051417
pg51628.epub,58809,626,0.16754238296859325,27.49368863955119
pg51629.epub,57379,714,0.1674305930741212,20.565949820788532
pg51630.epub,60215,681,0.16509175454620942,27.432801822323462
pg5165.epub,131924,2805,0.15307298141354114,15.959835470602467
pg51715.epub,163540,2177,0.16605111899229547,20.550389545111837
pg5176.epub,69012,54,0.06672752564771343,15.197533582911253
pg5179.epub,171265,2569,0.11970338364522816,21.296319323551355
pg51936.epub,55406,1249,0.11527632386384146,17.000920527769253
pg51937.epub,54206,1230,0.11388038224550788,15.707331208345407
pg51938.epub,109612,2479,0.11458599423420793,16.335618479880775
pg51972.epub,120660,2158,0.10353886955080391,18.441082072443834
pg51988.epub,81031,1599,0.10048006318569436,17.373713550600343
pg5234.epub,40631,565,0.16903349659127268,29.42143374366401
pg5235.epub,36993,539,0.16643689346633148,27.68937125748503
pg5236.epub,18314,242,0.161898001528885,29.58642972536349
pg5237.epub,22691,277,0.14882552553875986,32.837916063675834
pg5238.epub,34913,548,0.1597972102082319,27.0015467904099
pg5239.epub,36888,617,0.16119063109954457,26.98463789319678
pg5240.epub,190553,2790,0.16222783162689644,28.47474596533174
pg525.epub,13489,126,0.11861516791459707,14.442184154175589
pg53356.epub,47732,1175,0.1981060923489483,20.843668122270742
pg53604.epub,76992,2693,0.1635884247714048,10.552631578947368
pg53668.epub,62684,1418,0.18417778061387277,21.21285956006768
pg547.epub,118883,1888,0.1323233767653912,14.474978692317059
pg5622.epub,80414,1282,0.127714079637874,18.562788550323177
pg5662.epub,6882,182,0.14850334205172916,13.363106796116504
pg5663.epub,20082,348,0.09904391992829399,11.89691943127962
pg5705.epub,60493,1148,0.11976592332997206,16.32298974635726
pg5848.epub,22436,662,0.1621946871100018,10.35826408125577
pg5869.epub,34527,447,0.1354592058389087,15.190057193136823
pg587.epub,77108,1540,0.10980702391450951,16.10106494048862
pg6005.epub,95686,2334,0.0850176619359154,13.511155040948884
pg6028.epub,132457,2794,0.12582951448394572,16.732819605861547
pg6057.epub,70760,1900,0.1716647823629169,12.844436376837901
pg6060.epub,144023,1418,0.11303750095470862,21.242330383480827
pg6102.epub,128979,2979,0.13998402840772528,16.840188014101056
pg6105.epub,68404,733,0.1017191977077364,22.877591973244147
pg6113.epub,108988,2888,0.14413513414320842,14.471916080201833
pg6292.epub,23002,506,0.14142248500130422,14.859173126614987
pg6293.epub,17759,312,0.12388084914691143,15.9990990990991
pg6294.epub,43793,777,0.13024912657273993,15.101034482758621
pg6295.epub,75082,1490,0.13421326016888202,14.753782668500687
pg6296.epub,27686,711,0.1468251101639818,11.86203941730934
pg6297.epub,8561,179,0.13047541175096367,13.610492845786963
pg6298.epub,31210,698,0.12925344440884332,13.475820379965457
pg6299.epub,66214,1573,0.13775032470474521,12.694401840490798
pg6311.epub,144854,2519,0.1135626216742375,19.51158405172414
pg6376.epub,193183,5975,0.14601181263361682,14.580949505623066
pg6410.epub,106024,3463,0.14975854523504112,9.782616718951836
pg6474.epub,152747,2687,0.17032085736544744,13.35317772532564
pg6517.epub,67952,2079,0.14308629620908878,13.258926829268292
pg6526.epub,23023,849,0.1469834513312774,10.380072137060415
pg6592.epub,88484,2121,0.1032955110528457,20.878716375648892
pg6809.epub,87822,1356,0.11844412561772677,23.910155186496052
pg681.epub,25276,704,0.13586010444690616,8.467671691792296
pg6864.epub,67599,2700,0.18510628855456443,9.844036697247706
pg6901.epub,64314,1357,0.14943869142021954,15.054775280898877
pg6954.epub,78133,1035,0.13795707319570477,24.13747296879827
pg7063.epub,152825,3256,0.1572583019793882,13.46238548273432
pg7085.epub,41196,575,0.14671327313331392,20.444665012406947
pg7119.epub,16772,128,0.1370736942523253,28.475382003395584
pg7171.epub,33,10,0.030303030303030304,33.0
pg7183.epub,81670,968,0.15279784498591895,27.323519571763132
pg726.epub,7171,21,0.08980616371496304,28.799196787148595
pg7424.epub,68930,1866,0.15097925431597273,12.603766684951545
pg7757.epub,8672,69,0.11485239852398524,23.889807162534435
pg7758.epub,8863,65,0.11463387114972357,18.978586723768736
pg7759.epub,6416,52,0.11518079800498753,18.227272727272727
pg7760.epub,10218,51,0.12771579565472696,21.602536997885835
pg7761.epub,33103,196,0.11875056641392019,21.03113087674714
pg7827.epub,180548,2912,0.1304528435651461,20.04975013881177
pg7842.epub,25595,461,0.15292049228364915,16.16866708780796
pg7855.epub,106455,2894,0.1374665351556996,13.743222308288148
pg7866.epub,42436,684,0.08674238853803375,22.58435337945716
pg8073.epub,8643,242,0.1443943075321069,14.076547231270359
pg8087.epub,103979,1877,0.166629800248127,17.098996875513897
pg8131.epub,90599,2150,0.09768319738628461,13.779315589353612
pg8182.epub,35403,683,0.1329830805298986,19.10577441985969
pg8383.epub,22633,665,0.1638315733663235,14.899934167215273
pg8386.epub,21706,994,0.16884732332074082,11.412197686645635
pg8396.epub,94871,5265,0.16735356431364695,9.34597576593439
pg8403.epub,60450,1332,0.12894954507857734,16.267491926803014
pg8464.epub,96831,1543,0.1588850677985356,11.434931506849315
pg8522.epub,115437,2852,0.11962369084435666,14.83003597122302
pg8549.epub,88262,3105,0.12875303074935987,11.5254635675111
pg8569.epub,117984,1617,0.137628831027936,15.666445359182047
pg8570.epub,96534,1989,0.11984378560921541,18.383926871072177
pg8596.epub,85099,1790,0.12203433647868953,14.517059024223814
pg8671.epub,59657,1516,0.14108989724592252,15.304515135967163
pg8711.epub,138684,3165,0.13216376799053964,14.036842105263158
pg8741.epub,23561,710,0.17736938160519503,13.949674363528715
pg8805.epub,63798,1771,0.1249725696730305,14.689845728758922
pg8865.epub,30710,911,0.15076522305437967,9.68464206874803
pg8883.epub,80063,1815,0.15708879257584651,18.610646211064623
pg8899.epub,53715,1167,0.11799311179372615,15.642108328479907
pg9052.epub,162573,3357,0.09911854982069593,17.851432963654332
pg9087.epub,151593,3624,0.0988436141510492,13.128345024681735
pg9111.epub,90285,1407,0.09966218087168412,20.660183066361554
pg9189.epub,154682,3401,0.13909181417359487,17.777496839443742
pg9259.epub,151941,2586,0.11917783876636326,16.961486939048896
pg9305.epub,36389,1172,0.14715985600043968,12.272849915682968
pg9311.epub,58839,900,0.14787810805758086,15.859568733153639
pg9362.epub,162499,2461,0.11200068923501068,19.990035674744743
pg9379.epub,98060,2979,0.092035488476443,14.426953067529793
pg9387.epub,15594,118,0.10330896498653329,35.93087557603687
pg9410.epub,90964,2059,0.11738709819269161,16.499909305278432
pg9746.epub,889,16,0.12598425196850394,17.431372549019606
pg9747.epub,69761,2309,0.1774630524218403,10.426094754147362
pg9807.epub,75698,1495,0.15697904832360168,12.677608440797187
pg9809.epub,77911,2059,0.10864961301998434,16.955603917301413
pg9849.epub,94762,2504,0.13621493847744875,14.63053882970511
pg9926.epub,130341,2522,0.15423389416990815,20.003222836095766
pg9927.epub,90286,2135,0.15070996610770218,15.258745986141626
pg9967.epub,61941,2443,0.15298429150320467,10.061890838206628
pg9993.epub,86759,2279,0.14975967911110086,13.403213347752201
pg105JaneAusPersuatn.epub,83134,1002,0.12764933721461735,22.70180229382851
pg108DoyleReturnSherlk.epub,112344,2537,0.12783949298582925,13.515880654475458
pg1155Agatha2.epub,76358,3195,0.14827522983839284,8.665229232864275
pg11CarolAlice.epub,25431,750,0.12303881090008258,16.44954721862872
pg12CarolGlassLook.epub,27665,854,0.11838062533887583,14.349066390041493
pg1342JaneAustenPP.epub,121900,2040,0.12296144380639869,17.115978657680426
pg13720HermanVoyage1.epub,95110,1701,0.14664073178424983,19.481769766489144
pg13721HermanVoyage2.epub,100999,2571,0.21093278151268824,14.27547703180212
pg1400DickensGreatExp.epub,185399,3817,0.15350136732129083,17.380613105840443
pg141JaneAusMansPark.epub,159487,1781,0.12049257933248478,20.350516779379866
pg158JaneAustenEmma.epub,163054,2290,0.13705275552884322,15.484710351377018
pg161SJaneAusSensSensi.epub,120387,1800,0.1340676318871639,20.366604635425478
pg19337DickensChristCarl.epub,29016,713,0.16969947615108905,14.385721368368865
pg2097DoyleSignFour.epub,42983,769,0.12967917548798363,14.162438220757826
pg2147EdgarPoe1.epub,83753,722,0.11849127792437286,21.720176348547717
pg2148EdgarPoe2.epub,89304,845,0.12444011466451671,22.132342007434943
pg2149EdgarPoe3.epub,97683,608,0.11166733208439544,25.18901495616297
pg2150EdgarPoe4.epub,79808,946,0.14519847634322375,18.08474960344437
pg21816HermanConfidence.epub,93075,1832,0.20302981466559225,18.88314059646987
pg2684Galsw4.epub,94231,2351,0.1477433116490327,12.612903225806452
pg2701HermanMobyDick.epub,205203,2403,0.14461289552296994,21.25574891236793
pg2852DoyleHound.epub,56880,1451,0.11369549929676512,14.173934712185398
pg29042CarolTangTale.epub,25860,537,0.17811291569992266,11.62247191011236
pg2911Galsw2.epub,11452,791,0.10006985679357318,5.848825331971399
pg2919Galsw5.epub,1677,140,0.07513416815742398,4.483957219251337
pg34970HermanPierre.epub,154705,1860,0.15435829481917196,22.797671676982024
pg4045HermanOmmo.epub,65064,1091,0.13957026927333088,22.32041166380789
pg4397Galsw1.epub,83333,2151,0.13857655430621724,16.307827788649707
pg4763CarolLogik.epub,8085,237,0.21855287569573284,17.537960954446856
pg4765Galsw3.epub,12595,943,0.09329098848749504,5.4218682737839
pg537DoyleTerrorTales.epub,75395,1144,0.10085549439618012,17.562310738411366
pg620CarolBruno.epub,62574,1777,0.19143733819158118,12.78847332924586
pg730DickensOliverTw.epub,157291,3838,0.13525885142824445,15.014413898434517
pg766DickensDavidCopfld.epub,358420,7080,0.12538920819150717,15.768587769467663
pg786DickensHardTimes.epub,103930,2255,0.12174540556143558,14.693906404637353
pg834DoyleMemoirsSherlk.epub,87323,2055,0.1242856979260905,15.178689379454198
pg863Agatha1.epub,57390,2532,0.17016901899285589,9.82537236774525
pg98DickensTaleCities.epub,17590,385,0.15116543490619672,17.044573643410853
