,Filename,Number of Sentences,Number of Dialogs,Number of Sentences with Dialogs,Number of Named People,Number of Named Places,Number of Named Organizations
0,pg10067.epub,2283,2476.5,1649,114,71,28
1,pg1032.epub,268,337.0,251,21,25,8
2,pg10379.epub,3510,3265.0,2087,145,115,44
3,pg10473.epub,3332,3644.5,2619,173,59,37
4,pg10812.epub,472,341.0,264,14,13,7
5,pg10826.epub,252,30.0,16,139,36,20
6,pg10943.epub,1252,1314.0,851,68,75,14
7,pg11004.epub,2608,3043.0,2300,345,255,152
8,pg11005.epub,2415,2942.0,2087,210,162,81
9,pg11259.epub,2950,3149.0,2320,155,49,29
10,pg11280.epub,1079,1352.5,795,77,47,22
11,pg11520.epub,3302,3556.0,2419,71,22,13
12,pg11581.epub,1806,1708.0,1174,73,57,36
13,pg11655.epub,1935,1518.5,1135,181,172,54
14,pg11674.epub,1353,816.5,582,150,157,67
15,pg1190.epub,124,178.0,112,5,10,0
16,pg1193.epub,320,386.0,299,24,31,12
17,pg11931.epub,123,119.0,92,31,21,12
18,pg11970.epub,2399,2293.5,1531,119,56,23
19,pg12102.epub,2414,2307.0,1785,208,96,26
20,pg1218.epub,2947,2491.0,1464,184,87,45
21,pg12181.epub,608,7.0,4,56,9,7
22,pg12303.epub,3453,3332.5,2308,195,95,35
23,pg12304.epub,2180,2573.5,1530,99,60,34
24,pg12360.epub,3290,3051.0,2057,56,27,16
25,pg12450.epub,2269,1639.0,1086,182,123,47
26,pg12453.epub,2686,2461.0,1604,379,152,62
27,pg12470.epub,2817,2756.5,2000,142,73,38
28,pg12520.epub,2398,1705.0,1185,218,157,88
29,pg1253.epub,213,55.0,45,53,37,6
30,pg12672.epub,1767,1709.0,1056,54,16,13
31,pg1273.epub,310,247.0,159,52,19,11
32,pg12733.epub,2281,2299.5,1706,354,276,161
33,pg12886.epub,709,699.0,478,75,29,11
34,pg12935.epub,2495,1804.5,1535,52,33,5
35,pg12972.epub,1112,1189.5,793,154,34,25
36,pg12989.epub,929,913.0,622,90,51,14
37,pg13057.epub,1388,11.0,7,55,95,33
38,pg13162.epub,868,614.0,433,49,26,12
39,pg13178.epub,1693,1175.0,941,54,78,43
40,pg13212.epub,2094,1888.5,1485,131,119,41
41,pg13257.epub,3292,2755.5,2356,115,84,18
42,pg13273.epub,1000,1026.0,632,93,42,20
43,pg13312.epub,2221,1987.5,1616,90,60,32
44,pg13432.epub,488,120.0,72,119,71,40
45,pg13454.epub,3209,487.0,278,401,240,107
46,pg13541.epub,664,541.0,323,220,222,75
47,pg13572.epub,1302,1082.5,818,118,94,46
48,pg13776.epub,1349,856.0,683,131,49,38
49,pg13913.epub,2185,1652.5,1440,174,147,58
50,pg1392.epub,159,124.0,80,27,34,12
51,pg13960.epub,3325,3566.0,2429,83,44,13
52,pg13985.epub,4232,3217.5,2425,239,126,95
53,pg14051.epub,947,866.5,606,209,76,29
54,pg14079.epub,1409,1141.0,807,90,45,20
55,pg14145.epub,2201,1988.0,1709,199,134,90
56,pg1422.epub,87,76.0,49,23,12,11
57,pg14253.epub,4784,3908.5,3231,127,90,49
58,pg14303.epub,3098,2704.0,2026,257,126,94
59,pg14382.epub,2476,1714.5,1546,168,93,32
60,pg14395.epub,1852,1727.5,1280,156,190,109
61,pg14420.epub,1493,1586.0,978,336,235,50
62,pg14427.epub,1875,1459.0,982,64,53,13
63,pg14454.epub,2251,2293.0,1437,124,87,33
64,pg14490.epub,1191,1642.0,971,191,135,93
65,pg14523.epub,541,496.5,354,50,38,11
66,pg14581.epub,3118,2568.0,2193,71,40,11
67,pg14605.epub,2492,1980.0,1473,126,97,66
68,pg14669.epub,2586,2556.5,1851,211,193,94
69,pg14687.epub,1415,1141.0,900,75,30,18
70,pg14708.epub,614,506.5,379,53,39,14
71,pg14712.epub,1357,1330.5,746,108,89,36
72,pg14852.epub,4235,3907.0,2885,196,156,108
73,pg14858.epub,2240,1909.5,1492,76,26,12
74,pg14885.epub,1416,1305.0,871,109,60,24
75,pg15013.epub,3423,3657.5,2541,85,33,18
76,pg15067.epub,2154,1401.5,1391,663,404,198
77,pg15094.epub,2398,2510.0,1906,82,71,63
78,pg15116.epub,1734,1650.0,1197,80,45,18
79,pg15117.epub,1514,1264.0,848,313,110,45
80,pg15123.epub,2051,1312.0,1095,106,84,36
81,pg15179.epub,128,75.0,43,46,9,21
82,pg15181.epub,565,476.0,314,30,14,2
83,pg15182.epub,590,469.0,320,39,21,8
84,pg15183.epub,555,483.5,345,24,21,11
85,pg15244.epub,1003,868.0,645,104,46,34
86,pg15275.epub,2852,2375.5,1814,229,189,62
87,pg15315.epub,4486,67.0,48,237,108,49
88,pg15317.epub,120,106.0,74,24,12,7
89,pg15321.epub,3282,74.5,62,206,134,43
90,pg15430.epub,1968,2292.0,1628,95,69,39
91,pg15498.epub,4243,3235.0,2657,309,149,90
92,pg15527.epub,3011,2748.0,2093,235,129,71
93,pg15671.epub,2006,1890.0,1556,118,116,22
94,pg15704.epub,3450,2355.5,1789,290,179,88
95,pg15743.epub,1840,1440.5,1073,123,71,50
96,pg15774.epub,6056,4263.0,3959,244,150,71
97,pg15793.epub,462,474.0,358,50,52,12
98,pg15797.epub,1605,1146.5,981,225,97,75
99,pg15799.epub,116,379.0,87,66,38,10
100,pg15864.epub,1395,1010.0,753,104,37,26
101,pg15875.epub,2971,2638.0,1922,120,61,13
102,pg15895.epub,641,482.5,364,19,6,2
103,pg15934.epub,3390,2263.0,1833,263,171,151
104,pg15941.epub,635,233.0,157,129,66,19
105,pg15989.epub,1129,794.5,633,90,42,16
106,pg16039.epub,4936,2702.0,2511,263,203,103
107,pg16080.epub,3551,156.5,109,282,101,38
108,pg16094.epub,4220,2710.0,2565,160,173,72
109,pg16137.epub,4341,4957.5,3194,112,52,19
110,pg16138.epub,1530,1639.0,1162,173,89,51
111,pg16143.epub,975,546.0,447,123,65,25
112,pg16217.epub,2920,3342.5,2159,266,200,91
113,pg16252.epub,946,478.5,323,88,84,33
114,pg16283.epub,1192,649.5,509,65,74,26
115,pg1634.epub,2821,1820.5,1621,55,99,21
116,pg16345.epub,510,388.0,375,18,9,14
117,pg16381.epub,3050,2717.5,2010,201,231,85
118,pg16398.epub,2746,2172.0,1555,120,73,43
119,pg16403.epub,1079,854.0,661,85,50,26
120,pg16453.epub,1758,1658.5,1506,173,97,53
121,pg16497.epub,3754,3276.0,2259,117,68,46
122,pg16554.epub,2027,1755.5,1448,225,120,51
123,pg16574.epub,497,268.5,253,124,62,35
124,pg16612.epub,1740,1637.0,1107,158,101,35
125,pg16662.epub,2441,2123.0,1597,201,117,45
126,pg16676.epub,1561,1217.0,1141,42,19,1
127,pg16682.epub,1992,1885.5,1166,120,73,46
128,pg16703.epub,1866,1700.0,1059,153,131,49
129,pg16719.epub,207,236.0,163,24,39,14
130,pg16720.epub,2181,1954.5,1331,154,92,30
131,pg16730.epub,1604,1344.0,1122,257,158,68
132,pg16771.epub,1783,999.0,661,60,54,14
133,pg16788.epub,1868,2190.5,1350,166,72,37
134,pg16798.epub,4254,4110.5,3184,152,68,22
135,pg16799.epub,1318,1064.5,800,159,93,60
136,pg16803.epub,3123,3190.5,2267,143,56,57
137,pg16836.epub,2037,1971.5,1449,115,34,14
138,pg16909.epub,2496,1999.5,1523,254,101,41
139,pg16919.epub,1788,1037.0,932,48,51,18
140,pg16968.epub,2042,2520.0,1766,66,43,13
141,pg1699.epub,2365,2721.5,1571,91,83,50
142,pg16993.epub,3533,3199.0,2393,154,97,42
143,pg17047.epub,1564,1400.0,1034,194,133,49
144,pg17048.epub,1297,922.5,681,119,69,36
145,pg17062.epub,747,500.5,389,171,52,18
146,pg17084.epub,1386,962.5,659,376,197,68
147,pg17141.epub,2422,2277.5,1435,173,118,77
148,pg17191.epub,1657,2101.0,1321,225,197,66
149,pg17241.epub,302,157.0,98,64,65,11
150,pg17308.epub,4267,4094.5,2897,272,222,84
151,pg17359.epub,2322,2538.5,1828,104,69,9
152,pg17390.epub,907,805.0,674,70,33,18
153,pg17402.epub,2662,1861.0,1483,83,101,14
154,pg17434.epub,3825,3158.5,2621,267,195,101
155,pg17446.epub,2427,1634.5,1194,41,28,8
156,pg1747.epub,1779,2350.0,1451,86,50,44
157,pg1748.epub,5000,3784.5,2901,135,122,63
158,pg17559.epub,627,573.0,430,60,48,15
159,pg17564.epub,3499,3683.5,2694,158,57,34
160,pg17642.epub,2933,2377.0,1615,229,127,91
161,pg17698.epub,5975,4206.0,3701,158,155,44
162,pg17745.epub,1253,1023.0,646,73,75,21
163,pg17806.epub,952,993.0,718,130,104,26
164,pg17938.epub,2733,2179.5,1691,123,90,37
165,pg18022.epub,864,718.5,476,76,33,13
166,pg18052.epub,2315,2054.0,1938,114,50,25
167,pg18054.epub,503,289.0,206,28,18,11
168,pg1809.epub,2248,1964.5,1711,149,85,42
169,pg18239.epub,1789,1912.5,1413,251,183,98
170,pg18259.epub,1803,2388.5,1511,134,35,54
171,pg18280.epub,1793,2196.5,1448,61,71,31
172,pg1832.epub,816,731.5,601,56,23,19
173,pg1833.epub,230,207.0,168,34,11,11
174,pg18336.epub,1637,1525.0,920,133,148,56
175,pg1834.epub,348,304.5,274,23,11,6
176,pg1835.epub,422,380.0,329,28,9,7
177,pg1836.epub,376,343.5,309,28,6,11
178,pg18434.epub,473,295.5,236,25,4,9
179,pg18443.epub,1465,1278.0,1086,67,91,29
180,pg18449.epub,3322,4259.0,2422,198,98,65
181,pg1846.epub,2375,1927.0,1732,194,85,57
182,pg18488.epub,2457,1971.5,1556,87,50,19
183,pg18489.epub,1271,1286.0,892,95,55,23
184,pg1849.epub,3070,3368.5,2029,126,93,48
185,pg1851.epub,1193,809.5,625,46,55,17
186,pg18545.epub,1378,949.5,798,203,105,57
187,pg1857.epub,1958,1572.0,1264,59,32,14
188,pg18572.epub,1957,1621.0,1011,163,150,108
189,pg18705.epub,2150,1533.0,1320,141,92,20
190,pg18708.epub,1253,1185.0,873,180,123,46
191,pg1875.epub,226,185.0,118,40,13,14
192,pg1878.epub,1909,2080.0,1274,91,59,40
193,pg18822.epub,1746,1929.0,1110,79,67,38
194,pg18829.epub,1002,629.0,451,55,29,21
195,pg1888.epub,1787,1483.0,895,43,23,16
196,pg18894.epub,2145,1945.0,1112,83,32,20
197,pg1897.epub,1795,1434.5,1061,121,55,23
198,pg18984.epub,1880,2264.5,1764,147,33,14
199,pg19121.epub,686,632.0,402,237,104,68
200,pg19147.epub,595,424.5,303,86,12,4
201,pg19173.epub,1325,1531.0,947,68,38,32
202,pg19204.epub,678,705.5,495,81,57,27
203,pg19224.epub,450,288.0,268,55,12,8
204,pg19225.epub,2619,1863.5,1377,91,40,26
205,pg19257.epub,226,240.0,171,25,19,6
206,pg19259.epub,2016,1374.0,957,70,51,25
207,pg19459.epub,503,399.0,331,62,92,20
208,pg19472.epub,243,183.0,131,42,16,13
209,pg19510.epub,1597,1450.5,861,123,94,48
210,pg19512.epub,2512,2307.5,1710,126,70,30
211,pg1960.epub,1007,795.5,565,38,12,15
212,pg1963.epub,697,509.0,331,42,13,2
213,pg19818.epub,1535,2134.5,1273,417,65,59
214,pg20235.epub,309,195.0,159,78,52,21
215,pg20257.epub,105,18.0,14,59,40,38
216,pg20359.epub,896,987.5,656,90,68,37
217,pg20424.epub,2372,2030.0,1503,101,48,33
218,pg20429.epub,2499,2105.0,1668,73,28,12
219,pg20458.epub,2699,2202.5,1735,66,71,38
220,pg20462.epub,2654,2323.5,1675,119,69,17
221,pg20610.epub,1763,1130.5,877,565,274,129
222,pg20615.epub,556,645.5,407,95,43,20
223,pg20661.epub,308,310.0,209,57,32,20
224,pg20835.epub,1317,880.0,896,77,37,8
225,pg20901.epub,1720,1743.0,1143,62,19,9
226,pg21067.epub,619,586.5,327,67,67,13
227,pg21087.epub,1638,1843.0,1171,128,107,30
228,pg2155.epub,1882,1527.0,1168,149,93,50
229,pg21578.epub,1889,1619.5,1217,278,126,40
230,pg21613.epub,768,599.0,422,54,77,22
231,pg21641.epub,3451,4360.0,2805,136,63,30
232,pg21674.epub,2807,2339.5,1532,166,99,42
233,pg21689.epub,2144,1804.0,1205,117,87,42
234,pg21690.epub,1473,1475.0,1083,130,76,27
235,pg21767.epub,3769,3282.5,2576,120,63,28
236,pg21821.epub,1209,1211.5,827,216,129,67
237,pg21858.epub,3827,3385.0,2636,143,76,50
238,pg21867.epub,2710,2795.0,1681,101,65,23
239,pg21870.epub,439,179.5,172,88,104,23
240,pg21887.epub,1888,1618.0,1185,129,150,49
241,pg21932.epub,572,757.0,507,61,53,18
242,pg21944.epub,1253,1155.0,876,92,37,25
243,pg22158.epub,2644,2434.0,1999,214,175,61
244,pg22202.epub,1001,1369.0,730,78,23,12
245,pg22205.epub,1306,1590.5,879,78,65,27
246,pg22206.epub,270,3.0,3,45,34,14
247,pg22207.epub,553,1.0,1,36,21,11
248,pg22208.epub,236,4.0,4,29,11,2
249,pg22214.epub,4446,4951.5,3349,159,62,27
250,pg22221.epub,2119,745.0,922,116,85,55
251,pg22271.epub,68,1.0,1,26,29,5
252,pg22272.epub,437,4.0,2,37,33,13
253,pg22273.epub,322,11.0,6,21,13,5
254,pg22274.epub,390,0.0,0,59,27,17
255,pg22275.epub,799,6.0,5,90,74,45
256,pg22276.epub,2951,78.0,44,266,181,93
257,pg22476.epub,145,127.5,102,37,22,9
258,pg22532.epub,980,1004.5,741,113,34,24
259,pg22660.epub,195,2.0,2,50,55,14
260,pg22781.epub,1310,1124.0,942,89,19,31
261,pg2287.epub,2571,2985.0,1739,83,97,76
262,pg22883.epub,1275,1388.5,879,135,67,30
263,pg22961.epub,4693,4188.0,2743,158,90,69
264,pg23009.epub,143,157.0,95,20,16,14
265,pg23010.epub,274,267.0,209,44,20,31
266,pg23012.epub,359,367.5,241,28,24,5
267,pg23106.epub,1413,1392.0,894,84,39,32
268,pg23118.epub,1111,620.5,392,60,62,30
269,pg23157.epub,1493,1430.0,1051,139,46,26
270,pg23215.epub,1856,2253.0,1717,120,26,29
271,pg23222.epub,159,164.0,98,30,21,2
272,pg23223.epub,244,151.5,180,15,13,7
273,pg23246.epub,2889,2362.0,2004,244,84,36
274,pg23420.epub,273,202.0,157,24,22,12
275,pg23606.epub,1934,2307.5,1333,73,41,41
276,pg23629.epub,239,215.5,134,42,12,4
277,pg23630.epub,160,134.0,85,25,6,4
278,pg23631.epub,284,272.0,165,47,14,1
279,pg23632.epub,283,241.0,160,23,7,2
280,pg23633.epub,284,281.0,183,48,8,2
281,pg23664.epub,3054,2589.5,2131,152,125,52
282,pg23736.epub,1804,1520.5,1029,324,198,110
283,pg23741.epub,1103,1087.0,668,172,139,41
284,pg23745.epub,1473,1781.0,1025,187,134,133
285,pg23789.epub,3249,2327.0,2211,186,67,39
286,pg23797.epub,2594,2929.5,2024,97,53,37
287,pg24769.epub,2331,3406.5,2180,134,72,35
288,pg24920.epub,1751,1633.5,1049,121,94,60
289,pg25702.epub,1669,1660.0,1197,101,85,38
290,pg25730.epub,1295,1042.5,869,86,91,47
291,pg26259.epub,2966,2028.0,1861,166,112,57
292,pg26277.epub,1549,981.0,689,272,174,130
293,pg26306.epub,2582,2299.0,1770,58,25,7
294,pg26482.epub,3661,2982.5,2303,129,39,30
295,pg2675.epub,2113,2085.0,1484,1202,622,289
296,pg26768.epub,1483,1378.5,1039,277,136,57
297,pg26828.epub,4537,133.0,103,180,117,56
298,pg26847.epub,984,978.5,860,94,35,26
299,pg26925.epub,1697,1046.0,935,44,25,15
300,pg27323.epub,1821,1498.5,1285,108,63,30
301,pg27507.epub,2930,173.0,130,202,117,64
302,pg27549.epub,1876,1739.0,1191,104,122,55
303,pg27709.epub,380,362.0,335,80,17,1
304,pg27838.epub,594,595.5,439,30,23,2
305,pg27857.epub,2217,2468.0,1684,52,39,17
306,pg27909.epub,1155,1203.0,690,70,54,26
307,pg28229.epub,2188,2239.0,1630,289,91,71
308,pg28236.epub,1277,1120.5,904,118,79,71
309,pg28301.epub,1894,1830.0,1161,209,124,20
310,pg28459.epub,2623,3701.0,2086,205,106,83
311,pg28463.epub,3429,3766.0,2398,243,114,52
312,pg28465.epub,1975,1577.5,1400,169,73,48
313,pg28509.epub,1237,1002.0,850,101,27,17
314,pg28717.epub,2853,2309.0,1575,287,107,38
315,pg28925.epub,4233,260.0,192,308,107,53
316,pg29071.epub,1519,643.0,870,331,259,148
317,pg29207.epub,1337,987.0,738,95,56,31
318,pg29219.epub,1736,1619.0,1254,206,55,13
319,pg29274.epub,957,917.5,624,82,63,40
320,pg29315.epub,2455,2267.0,2036,176,133,81
321,pg29323.epub,998,1082.0,701,259,201,61
322,pg29366.epub,3463,3927.0,2477,106,50,40
323,pg29400.epub,1264,948.5,794,136,148,55
324,pg29570.epub,1219,1267.0,990,67,30,62
325,pg29646.epub,1231,807.0,473,52,15,5
326,pg29657.epub,974,1064.5,708,195,94,67
327,pg29671.epub,2002,1537.0,1158,73,50,34
328,pg29695.epub,1901,1442.5,1010,87,71,31
329,pg29697.epub,2582,2000.0,1638,102,67,17
330,pg29699.epub,944,1201.5,719,87,40,33
331,pg29715.epub,1278,1169.5,868,101,63,38
332,pg29726.epub,2740,2930.5,1986,292,157,48
333,pg29729.epub,1378,840.0,811,92,54,33
334,pg29743.epub,1479,1369.0,933,172,158,101
335,pg29753.epub,1620,1386.0,1049,130,93,46
336,pg29760.epub,2023,1696.0,1375,170,78,40
337,pg29766.epub,1692,1362.5,1190,99,72,38
338,pg29808.epub,360,305.5,220,31,37,21
339,pg29847.epub,2605,1847.0,1641,216,113,48
340,pg29851.epub,1019,850.5,520,144,57,34
341,pg29860.epub,1672,28.0,25,140,149,109
342,pg29862.epub,2390,1643.5,1400,70,47,20
343,pg29868.epub,1177,1566.0,975,117,95,24
344,pg29880.epub,4448,3302.5,2646,485,160,91
345,pg29890.epub,343,515.5,260,51,20,9
346,pg29891.epub,123,136.0,80,20,10,7
347,pg29902.epub,4744,5682.0,3885,414,231,174
348,pg29945.epub,2587,2135.5,1597,159,108,53
349,pg30031.epub,2852,2506.0,2194,205,58,37
350,pg30037.epub,2272,1842.5,1418,53,41,16
351,pg30074.epub,1276,947.5,868,104,20,15
352,pg30075.epub,1324,1391.0,958,48,20,36
353,pg30087.epub,1172,605.0,393,183,118,56
354,pg30089.epub,532,753.5,385,151,101,68
355,pg30090.epub,1119,1295.5,843,161,38,38
356,pg30095.epub,2893,2189.5,1664,63,27,20
357,pg30106.epub,4635,4527.0,3457,96,40,18
358,pg30108.epub,2203,2619.5,1843,124,102,65
359,pg30110.epub,2738,2319.0,1749,195,123,69
360,pg30111.epub,4944,4244.0,3025,110,46,12
361,pg30115.epub,2612,2978.0,1913,246,135,51
362,pg30137.epub,2242,2147.0,1236,78,32,20
363,pg30183.epub,492,617.5,321,562,127,89
364,pg30193.epub,1306,1252.5,877,94,54,18
365,pg30228.epub,2497,2263.5,1725,143,59,38
366,pg30245.epub,3200,2219.5,1554,198,159,87
367,pg30247.epub,3010,2176.5,2136,77,54,14
368,pg30263.epub,1636,1265.0,1019,139,96,59
369,pg30286.epub,3698,2907.5,1908,61,39,10
370,pg30302.epub,409,410.0,282,67,43,17
371,pg30436.epub,2063,1602.5,1101,256,128,104
372,pg30448.epub,719,733.0,465,63,47,30
373,pg30464.epub,799,426.0,288,35,37,20
374,pg30466.epub,527,422.0,275,23,18,2
375,pg30483.epub,1632,1939.0,1343,83,69,26
376,pg305.epub,1727,2170.5,1504,136,89,81
377,pg30600.epub,1345,1038.0,944,71,40,15
378,pg30617.epub,1612,1874.5,1188,216,166,68
379,pg30618.epub,2455,2282.5,1622,104,88,33
380,pg30627.epub,1507,1795.0,1018,287,128,116
381,pg30640.epub,674,598.5,383,61,18,10
382,pg30648.epub,546,610.0,374,254,235,73
383,pg30668.epub,971,662.5,503,173,57,39
384,pg30692.epub,1704,2765.0,1477,213,67,44
385,pg30704.epub,704,33.0,18,118,81,44
386,pg30713.epub,2282,2152.0,1873,72,40,23
387,pg30724.epub,1528,1243.0,791,90,44,8
388,pg30733.epub,1054,1094.5,718,35,21,10
389,pg30736.epub,1516,1599.0,1036,170,140,129
390,pg30776.epub,1012,607.5,310,519,126,61
391,pg30817.epub,1781,1312.0,934,42,19,11
392,pg30838.epub,2022,2475.5,1386,90,40,15
393,pg30980.epub,1933,1305.5,920,69,29,10
394,pg31004.epub,2085,2553.5,1812,287,103,89
395,pg31083.epub,119,62.0,47,19,27,5
396,pg31241.epub,1540,1483.0,1283,258,381,140
397,pg31561.epub,1060,824.0,634,123,82,77
398,pg31563.epub,561,476.0,362,120,71,39
399,pg31568.epub,544,403.0,347,113,80,18
400,pg31578.epub,1988,1515.5,1167,128,57,18
401,pg31668.epub,2166,2250.5,1453,526,227,127
402,pg31813.epub,874,869.0,550,132,72,63
403,pg31820.epub,2407,2420.5,2159,459,215,105
404,pg31825.epub,3066,3383.5,2205,143,52,30
405,pg31915.epub,1547,1504.0,1325,80,87,42
406,pg31927.epub,405,229.0,137,52,82,25
407,pg31984.epub,3496,3714.0,2508,130,101,26
408,pg32042.epub,765,428.0,739,91,186,88
409,pg32082.epub,1377,1489.5,1192,108,104,38
410,pg32114.epub,1683,1845.5,1225,181,220,75
411,pg32115.epub,1794,1802.0,1350,46,22,9
412,pg32116.epub,773,405.5,296,67,70,29
413,pg32132.epub,1186,1236.0,742,138,109,45
414,pg32424.epub,2415,1296.0,1015,654,374,120
415,pg32428.epub,1808,1717.5,1179,201,110,50
416,pg32516.epub,1356,1376.5,967,85,74,23
417,pg32560.epub,2629,187.0,124,406,247,103
418,pg32576.epub,263,0.0,0,548,215,155
419,pg32692.epub,2476,2916.0,1996,399,253,72
420,pg32693.epub,1456,1475.0,1098,190,104,26
421,pg32732.epub,2193,2519.0,1566,117,104,82
422,pg32757.epub,720,516.5,462,41,29,14
423,pg32826.epub,2663,2298.5,1592,188,138,69
424,pg32840.epub,4371,5048.5,3800,400,287,102
425,pg32882.epub,1883,1685.5,1287,101,55,30
426,pg32915.epub,2304,2607.0,2067,104,33,25
427,pg32917.epub,2246,2279.0,1485,123,45,25
428,pg32929.epub,3674,4095.0,2873,151,70,43
429,pg32936.epub,1439,1182.0,970,93,40,28
430,pg33004.epub,1512,2045.5,1161,145,170,43
431,pg33019.epub,644,737.5,526,24,57,9
432,pg33081.epub,3273,3100.5,2238,442,220,97
433,pg33099.epub,649,564.5,370,122,94,62
434,pg33195.epub,1842,1790.5,1536,155,91,44
435,pg33312.epub,3028,3298.0,2179,171,52,21
436,pg33401.epub,547,490.0,304,88,28,38
437,pg33423.epub,1620,1238.5,973,226,145,71
438,pg33468.epub,3107,3661.0,2665,371,235,78
439,pg33469.epub,3175,3607.0,2580,202,99,41
440,pg33482.epub,840,8.0,7,66,41,18
441,pg33490.epub,4600,3152.5,2141,101,103,25
442,pg33498.epub,1324,1193.0,858,307,157,70
443,pg33556.epub,3109,3486.5,2598,353,241,81
444,pg33565.epub,2645,3285.0,2196,113,78,54
445,pg33604.epub,4615,5375.5,4174,481,302,98
446,pg33664.epub,2615,2184.5,1605,197,111,48
447,pg33695.epub,365,405.5,270,24,12,7
448,pg33715.epub,2213,2781.5,1654,144,50,22
449,pg33747.epub,1256,1192.5,801,101,108,31
450,pg33759.epub,1312,1030.0,646,101,117,41
451,pg33780.epub,2640,2712.0,1650,117,78,17
452,pg33867.epub,1619,581.5,436,110,91,22
453,pg33892.epub,2199,1509.5,1202,99,45,20
454,pg33945.epub,1632,44.0,20,18,9,12
455,pg33959.epub,1615,1440.5,1070,104,69,44
456,pg33973.epub,419,335.0,293,236,47,17
457,pg33989.epub,2100,1838.0,1235,90,36,10
458,pg34034.epub,1751,1795.0,993,84,40,20
459,pg34035.epub,2749,3007.0,1780,90,94,22
460,pg34046.epub,1900,2308.0,1527,100,87,50
461,pg34088.epub,2564,3511.0,2170,154,70,61
462,pg34138.epub,2507,2964.0,2085,134,65,36
463,pg34140.epub,4352,4483.5,3143,187,87,48
464,pg34142.epub,2658,2691.5,1787,145,71,45
465,pg34164.epub,1,0.0,0,0,0,0
466,pg34166.epub,2736,2076.5,1212,77,41,13
467,pg34168.epub,3101,3018.0,2553,66,29,8
468,pg34202.epub,1634,988.5,562,98,34,31
469,pg34244.epub,4052,4260.0,3032,105,51,15
470,pg34246.epub,6093,6193.5,4684,111,71,27
471,pg34248.epub,4928,4912.0,3663,103,41,17
472,pg34277.epub,2875,2252.0,1916,112,135,81
473,pg34402.epub,2839,2507.5,1644,125,71,38
474,pg34415.epub,2756,2673.0,1886,67,49,28
475,pg34428.epub,2897,2818.5,1804,193,191,72
476,pg34482.epub,2076,2611.5,1823,105,44,32
477,pg34500.epub,3790,2749.0,2201,135,85,49
478,pg34567.epub,3104,3048.5,2183,199,85,58
479,pg34575.epub,2498,2753.5,1847,103,39,28
480,pg34587.epub,989,1104.0,795,79,25,10
481,pg34598.epub,3453,3039.5,2361,315,137,67
482,pg34599.epub,923,866.0,649,121,61,18
483,pg34609.epub,4987,4726.0,3649,100,47,9
484,pg34616.epub,1150,858.5,585,311,157,84
485,pg34619.epub,799,704.5,430,73,59,24
486,pg34628.epub,1789,1882.0,1546,186,121,85
487,pg34629.epub,340,291.5,265,73,45,14
488,pg34657.epub,1728,1649.5,1266,146,93,45
489,pg34658.epub,1116,1608.0,1103,155,78,45
490,pg34659.epub,1540,1235.5,975,177,68,25
491,pg34662.epub,82,27.0,17,20,9,0
492,pg34663.epub,3750,3642.5,2713,104,53,20
493,pg34664.epub,2953,2957.0,2354,47,42,8
494,pg34709.epub,3569,2880.0,1989,247,143,63
495,pg34710.epub,2114,1506.5,1231,91,50,34
496,pg34738.epub,1001,4.0,4,78,63,48
497,pg34748.epub,3599,3578.5,2824,281,140,64
498,pg34794.epub,2714,2186.5,1508,172,129,69
499,pg34835.epub,1796,2470.0,1616,122,58,33
500,pg34849.epub,436,426.5,252,51,40,18
501,pg34932.epub,151,496.0,96,60,35,6
502,pg34933.epub,441,304.5,251,67,65,27
503,pg34934.epub,2791,1426.0,1292,60,52,22
504,pg34947.epub,1121,919.5,749,80,42,29
505,pg34968.epub,498,594.0,364,69,31,6
506,pg34999.epub,1022,796.5,629,100,50,13
507,pg35003.epub,466,344.0,258,50,6,4
508,pg35038.epub,818,1445.0,691,94,26,21
509,pg35057.epub,424,367.0,225,53,18,6
510,pg35058.epub,340,169.5,106,29,18,7
511,pg35077.epub,1736,2011.5,1245,166,56,35
512,pg35078.epub,1310,979.5,666,92,72,28
513,pg35140.epub,645,467.5,342,68,65,17
514,pg35146.epub,2312,3048.0,2046,105,70,33
515,pg35203.epub,2285,2343.5,1774,192,133,53
516,pg35205.epub,2160,1972.0,1718,81,45,17
517,pg35214.epub,2127,1123.5,945,195,195,66
518,pg35217.epub,2549,2157.5,1394,293,97,77
519,pg35233.epub,4629,4077.5,3495,191,120,71
520,pg35254.epub,2383,2522.5,1976,96,27,26
521,pg35294.epub,1110,885.0,678,79,48,16
522,pg35296.epub,2891,3190.0,2581,256,147,71
523,pg35297.epub,2047,2320.5,1878,183,99,62
524,pg35304.epub,1765,1717.0,1288,107,63,23
525,pg35313.epub,732,19.0,16,50,32,10
526,pg35326.epub,1627,1482.0,984,132,53,51
527,pg35336.epub,1304,1198.5,848,173,126,46
528,pg35358.epub,1898,2001.5,1637,243,135,72
529,pg35361.epub,2470,3042.5,1758,106,70,36
530,pg35367.epub,2110,2206.5,1366,125,51,35
531,pg35368.epub,1273,794.0,1046,117,48,31
532,pg35384.epub,3253,3700.5,2378,229,78,31
533,pg35424.epub,954,698.5,518,68,16,9
534,pg35428.epub,1238,1131.5,891,132,56,33
535,pg35429.epub,1033,1056.5,769,140,58,30
536,pg35430.epub,1127,1138.5,880,101,52,34
537,pg35441.epub,145,182.5,74,181,80,42
538,pg35442.epub,1076,1107.5,626,320,215,85
539,pg35443.epub,3307,1641.0,1239,118,131,53
540,pg35462.epub,2972,2657.0,2111,176,77,30
541,pg35484.epub,1609,1194.5,915,92,93,43
542,pg35509.epub,667,567.5,412,113,59,24
543,pg35517.epub,615,632.0,399,111,121,26
544,pg35523.epub,4282,3573.0,2484,151,87,70
545,pg35527.epub,6160,6224.5,4724,114,65,27
546,pg35528.epub,1541,817.0,543,47,64,20
547,pg35533.epub,1205,1431.5,912,87,45,15
548,pg35548.epub,2516,56.0,42,122,70,44
549,pg35599.epub,3040,3148.0,2596,263,162,44
550,pg35661.epub,3210,3492.0,2054,133,106,59
551,pg35664.epub,861,701.0,304,258,161,66
552,pg35691.epub,1674,1659.5,1277,61,80,30
553,pg35740.epub,1749,1438.5,1089,94,41,16
554,pg35765.epub,2038,2359.0,1676,158,62,31
555,pg35769.epub,527,388.5,233,52,20,6
556,pg35785.epub,2052,2624.5,1586,96,60,13
557,pg35787.epub,1076,1119.0,670,140,26,18
558,pg35833.epub,1338,1001.0,779,30,10,19
559,pg35902.epub,2259,2184.5,2035,133,76,30
560,pg35912.epub,1924,1386.0,1043,128,111,46
561,pg35913.epub,4204,2409.0,1990,232,183,74
562,pg36027.epub,2780,2035.0,1578,77,43,17
563,pg36029.epub,2466,1656.0,1647,271,207,85
564,pg36071.epub,873,537.5,356,204,116,80
565,pg36087.epub,813,679.5,401,206,128,58
566,pg36159.epub,5646,5770.5,4797,153,73,33
567,pg36199.epub,2818,2801.5,2216,105,37,31
568,pg36232.epub,862,527.5,350,44,24,6
569,pg36247.epub,2766,2343.0,1625,338,73,41
570,pg36353.epub,774,424.5,296,223,138,87
571,pg36360.epub,3324,2264.5,1872,189,92,48
572,pg36364.epub,746,595.5,508,83,48,15
573,pg36366.epub,3952,3279.5,2327,114,41,16
574,pg36374.epub,3164,2159.5,2025,52,47,7
575,pg36401.epub,1414,1398.5,923,90,35,25
576,pg36403.epub,1011,1623.0,645,244,150,50
577,pg36414.epub,1740,1550.5,1064,189,71,64
578,pg36439.epub,1233,1376.5,1052,83,55,21
579,pg36467.epub,2055,2115.5,1514,79,77,60
580,pg36588.epub,2191,2142.5,1543,95,58,40
581,pg36593.epub,1938,1944.0,1376,135,99,44
582,pg36713.epub,1713,1014.5,927,183,84,36
583,pg36723.epub,5841,6110.5,4159,136,67,38
584,pg36758.epub,2088,1771.0,1622,82,24,25
585,pg36875.epub,2095,1566.5,1039,136,63,21
586,pg37081.epub,1176,820.0,642,115,116,61
587,pg37107.epub,2602,2228.0,1712,187,70,50
588,pg37204.epub,1831,969.0,667,115,53,25
589,pg37208.epub,1676,1572.0,1186,102,54,22
590,pg37338.epub,1557,1560.5,1149,82,84,36
591,pg37355.epub,554,664.0,396,46,26,18
592,pg37412.epub,2706,1993.5,1645,149,127,58
593,pg37430.epub,2340,2259.5,1575,322,173,93
594,pg37451.epub,73,48.0,27,35,30,15
595,pg37467.epub,422,278.5,231,56,36,13
596,pg37476.epub,1038,964.5,689,65,42,17
597,pg37479.epub,1211,988.5,744,98,122,88
598,pg37490.epub,1734,1453.5,1047,67,34,14
599,pg37664.epub,1513,1599.0,1064,176,108,82
600,pg37710.epub,2410,1913.5,1276,125,83,40
601,pg37781.epub,1886,1473.5,1116,210,88,54
602,pg37827.epub,5740,5671.0,4333,380,204,108
603,pg37838.epub,85,58.0,47,30,7,5
604,pg37866.epub,1041,1083.0,778,150,45,45
605,pg37913.epub,1240,1064.5,691,52,33,2
606,pg37919.epub,1316,1017.0,701,92,70,39
607,pg38006.epub,1361,1103.5,730,74,49,16
608,pg38186.epub,3201,2262.0,1643,330,210,124
609,pg38199.epub,1559,1016.5,851,125,79,15
610,pg38212.epub,1548,15.0,15,102,61,26
611,pg3828.epub,2636,2344.0,1736,253,180,157
612,pg38291.epub,792,10.0,9,73,66,17
613,pg38292.epub,791,16.0,13,75,57,19
614,pg38325.epub,1712,2012.5,1314,135,90,32
615,pg38368.epub,2856,2615.0,1761,241,173,134
616,pg38474.epub,1093,1497.0,781,110,57,34
617,pg38489.epub,1846,1124.0,837,120,38,25
618,pg38623.epub,1435,1456.5,1089,95,67,21
619,pg38624.epub,1386,1426.5,1058,99,68,19
620,pg38625.epub,64,60.0,44,16,4,0
621,pg38679.epub,1678,1814.5,1192,110,119,30
622,pg38685.epub,1,0.0,0,0,0,0
623,pg38689.epub,2484,2377.0,1658,144,164,71
624,pg38702.epub,1411,1328.0,962,142,84,34
625,pg38715.epub,277,273.0,210,22,3,2
626,pg38798.epub,1401,965.5,1015,103,32,14
627,pg38888.epub,2768,1950.0,1485,153,36,35
628,pg39018.epub,2187,1801.0,1199,126,64,32
629,pg39066.epub,2237,2035.0,1303,112,101,40
630,pg39111.epub,1315,1526.0,1097,49,32,8
631,pg39192.epub,1297,1136.0,878,84,26,22
632,pg39193.epub,1442,1350.0,1035,69,17,5
633,pg39207.epub,738,815.0,585,73,35,31
634,pg39345.epub,831,921.0,612,123,27,25
635,pg39349.epub,1892,1862.5,1296,67,60,14
636,pg39359.epub,872,757.5,518,45,27,9
637,pg39377.epub,1735,1825.0,1294,131,66,34
638,pg39417.epub,3566,3041.5,2453,409,134,253
639,pg39425.epub,417,357.0,343,52,31,7
640,pg39556.epub,2489,2116.5,1582,182,112,37
641,pg39616.epub,474,468.5,344,46,30,14
642,pg39660.epub,1893,1719.0,1245,200,159,72
643,pg39692.epub,1690,1705.5,1239,118,39,30
644,pg39693.epub,1940,1983.0,1479,123,41,26
645,pg39731.epub,1422,1191.5,1070,48,43,18
646,pg39768.epub,2374,1918.5,1658,207,216,51
647,pg39813.epub,2763,2488.5,1533,175,119,72
648,pg39905.epub,1188,1196.5,777,95,26,44
649,pg39940.epub,2215,2439.5,1519,95,70,23
650,pg40111.epub,768,727.0,532,125,81,32
651,pg40114.epub,3152,2558.5,1964,78,73,23
652,pg40180.epub,576,431.0,336,32,24,13
653,pg40199.epub,908,870.5,582,57,24,10
654,pg40278.epub,2556,1694.5,1322,244,106,100
655,pg40324.epub,707,634.5,489,72,60,18
656,pg40325.epub,689,601.5,515,69,40,23
657,pg40347.epub,1641,1421.0,1242,77,18,16
658,pg40348.epub,3546,2338.0,2129,159,93,39
659,pg40418.epub,1242,1142.0,874,88,46,24
660,pg40431.epub,669,525.5,348,141,78,38
661,pg40432.epub,737,532.5,339,104,75,35
662,pg40433.epub,769,453.5,317,78,73,22
663,pg40450.epub,2183,1735.0,1599,78,43,17
664,pg40451.epub,2199,1787.5,1467,171,48,47
665,pg40452.epub,1249,38.0,13,60,26,11
666,pg4046.epub,264,127.0,84,10,8,12
667,pg40484.epub,882,724.0,521,15,10,14
668,pg40491.epub,1073,1351.0,1045,62,61,36
669,pg40493.epub,2612,1706.5,1382,115,120,85
670,pg40495.epub,727,1068.0,554,65,20,18
671,pg40545.epub,971,1034.5,595,78,22,12
672,pg40566.epub,1357,1030.0,768,219,65,44
673,pg40611.epub,2126,1191.0,1067,74,33,21
674,pg40651.epub,956,687.5,582,178,71,66
675,pg40672.epub,1056,1127.0,851,36,26,15
676,pg40673.epub,2107,2084.0,1535,110,52,22
677,pg40674.epub,2244,2645.0,1879,90,31,23
678,pg40702.epub,3196,2666.0,1952,198,130,49
679,pg40821.epub,1185,927.0,770,71,78,35
680,pg4084.epub,1866,1024.0,749,322,267,84
681,pg40926.epub,549,493.5,410,43,23,4
682,pg40998.epub,2101,2412.0,1547,156,205,82
683,pg40999.epub,1661,1215.5,836,267,296,129
684,pg41089.epub,1898,1676.0,1111,171,150,60
685,pg41122.epub,1609,1737.5,1151,80,37,6
686,pg41191.epub,254,404.5,181,65,26,7
687,pg41212.epub,476,321.5,238,254,137,54
688,pg41247.epub,1518,1845.0,1236,341,132,113
689,pg41284.epub,336,303.0,242,78,80,17
690,pg41313.epub,771,9.0,6,42,44,14
691,pg41314.epub,1228,21.0,11,81,59,10
692,pg41315.epub,1015,6.0,5,58,37,5
693,pg41329.epub,1175,864.0,613,44,16,8
694,pg41330.epub,1376,1052.5,781,34,26,5
695,pg41331.epub,1684,1406.0,1075,44,33,10
696,pg41332.epub,1269,1697.5,1086,236,101,87
697,pg41339.epub,970,1041.0,734,219,160,77
698,pg41340.epub,969,983.0,709,148,121,45
699,pg41341.epub,1183,1238.0,894,161,121,40
700,pg41374.epub,1002,886.0,666,287,184,92
701,pg41375.epub,1034,933.0,806,294,149,67
702,pg41376.epub,1114,1061.0,780,234,144,65
703,pg41459.epub,1206,897.0,710,121,139,62
704,pg41483.epub,1241,967.5,831,55,70,40
705,pg41490.epub,187,192.0,157,45,41,13
706,pg41525.epub,1604,1535.5,1271,87,29,25
707,pg41542.epub,1881,2033.0,1468,211,51,32
708,pg41564.epub,1220,1270.0,799,57,21,7
709,pg41660.epub,923,836.0,580,143,61,38
710,pg41672.epub,3717,3719.5,2561,236,112,55
711,pg41764.epub,904,841.5,478,48,25,1
712,pg41790.epub,1609,1267.0,1002,45,34,13
713,pg41794.epub,1143,1631.0,913,212,130,70
714,pg41817.epub,3061,2922.0,2317,227,79,79
715,pg41844.epub,3367,3001.5,2292,189,124,76
716,pg41859.epub,2155,1881.0,1509,159,234,84
717,pg41863.epub,932,813.0,590,96,53,14
718,pg41932.epub,5335,4840.0,3463,155,65,42
719,pg41963.epub,1401,1248.0,1010,172,104,87
720,pg42010.epub,1134,454.5,684,211,151,65
721,pg42095.epub,501,346.5,317,255,164,50
722,pg42115.epub,3111,2861.0,2167,90,91,56
723,pg42117.epub,2756,2373.5,1678,99,65,42
724,pg42145.epub,1087,968.0,819,94,26,8
725,pg42165.epub,1144,930.0,668,84,21,9
726,pg42174.epub,972,794.0,680,90,34,8
727,pg42320.epub,1574,1615.0,1041,96,41,19
728,pg42423.epub,1730,1190.0,922,98,53,47
729,pg42462.epub,1556,1282.0,772,170,94,61
730,pg42491.epub,691,839.0,605,71,86,44
731,pg42492.epub,757,966.5,676,89,77,34
732,pg42493.epub,800,1020.5,706,83,56,20
733,pg42496.epub,863,716.0,597,69,58,14
734,pg42498.epub,932,787.0,650,57,53,22
735,pg42499.epub,987,702.5,643,54,60,10
736,pg42519.epub,1958,1261.5,957,73,110,81
737,pg42533.epub,882,657.0,512,72,27,10
738,pg42534.epub,1717,957.0,855,40,16,5
739,pg42536.epub,2936,2871.0,2371,79,18,14
740,pg42581.epub,803,66.0,32,108,31,23
741,pg426.epub,916,1.0,1,105,66,37
742,pg42714.epub,2686,2934.5,2250,79,37,12
743,pg42750.epub,915,652.0,570,40,30,8
744,pg42751.epub,725,531.5,439,53,39,21
745,pg42752.epub,932,682.5,612,44,42,13
746,pg42763.epub,1837,1471.5,1241,188,215,79
747,pg42772.epub,1606,1772.0,1019,139,112,44
748,pg42807.epub,1303,1515.0,940,138,112,75
749,pg42905.epub,1095,754.0,478,54,48,23
750,pg42906.epub,775,848.0,532,35,44,29
751,pg42907.epub,654,659.0,433,29,37,15
752,pg42926.epub,2732,1937.0,1528,175,106,43
753,pg43037.epub,3536,3139.0,2165,266,52,42
754,pg43080.epub,222,143.5,138,60,24,15
755,pg43162.epub,2948,3176.5,2341,177,71,46
756,pg43190.epub,2752,79.0,29,106,43,26
757,pg43449.epub,762,18.0,15,87,57,22
758,pg43489.epub,3527,3523.0,2553,235,92,41
759,pg43498.epub,1184,1136.5,918,167,113,56
760,pg43499.epub,874,785.0,633,131,98,41
761,pg43716.epub,2740,2736.5,2034,112,110,41
762,pg43743.epub,432,33.0,19,208,88,29
763,pg43925.epub,3076,2965.5,2245,84,78,53
764,pg44018.epub,714,690.5,416,84,38,12
765,pg44264.epub,341,167.0,145,220,106,47
766,pg44326.epub,1889,2046.0,1605,112,64,44
767,pg44375.epub,2353,1793.0,1372,88,73,28
768,pg44421.epub,3581,3386.0,2655,154,109,35
769,pg44454.epub,2692,2176.0,1648,165,123,32
770,pg44581.epub,602,463.0,309,81,39,42
771,pg44633.epub,3180,2508.5,1696,204,132,89
772,pg44796.epub,572,502.0,382,112,46,42
773,pg44803.epub,2558,2008.0,1383,63,20,9
774,pg44819.epub,2319,1419.5,1178,105,46,27
775,pg44828.epub,4284,3968.0,2549,127,89,45
776,pg44841.epub,2602,2578.5,2050,110,49,32
777,pg44872.epub,2223,2155.5,1587,71,64,29
778,pg44878.epub,1537,1230.5,815,243,151,90
779,pg44984.epub,2573,2418.5,1846,84,28,21
780,pg45042.epub,433,419.0,315,44,31,15
781,pg45047.epub,1712,1457.0,1113,137,149,43
782,pg45104.epub,217,188.0,142,35,37,20
783,pg45401.epub,2295,1734.0,1381,110,84,19
784,pg45402.epub,3026,2554.5,1985,118,76,40
785,pg45403.epub,2211,1860.5,1397,82,55,16
786,pg45618.epub,1286,957.0,811,30,8,7
787,pg45622.epub,2086,2091.0,1612,136,76,28
788,pg45636.epub,2246,2642.5,1577,111,83,44
789,pg45816.epub,577,758.0,428,157,67,23
790,pg45817.epub,441,655.0,355,83,44,20
791,pg45818.epub,128,170.0,101,41,14,1
792,pg45872.epub,908,478.5,437,50,19,10
793,pg45912.epub,2314,2364.0,1735,72,27,4
794,pg46008.epub,1959,2295.0,1530,85,42,12
795,pg46064.epub,2600,2345.5,1828,86,44,13
796,pg46217.epub,695,507.0,591,78,78,17
797,pg4632.epub,2145,2114.0,1732,45,46,13
798,pg4634.epub,1406,1759.0,1237,45,23,2
799,pg46402.epub,992,671.0,519,61,53,15
800,pg46457.epub,2130,1467.5,1265,146,66,63
801,pg46505.epub,3069,3633.5,2709,200,86,37
802,pg4653.epub,3421,3883.5,2163,320,173,74
803,pg46566.epub,2835,1898.0,1234,79,150,60
804,pg46623.epub,1187,1332.0,874,225,88,66
805,pg4676.epub,2102,1669.5,1517,159,64,19
806,pg47211.epub,2063,2278.0,1487,42,26,15
807,pg47282.epub,3998,3828.0,2798,107,55,27
808,pg4733.epub,1951,1607.0,1208,114,37,28
809,pg47338.epub,935,1012.0,754,169,55,35
810,pg4745.epub,1829,1751.5,1202,79,68,47
811,pg47455.epub,893,707.5,453,220,131,126
812,pg47697.epub,901,692.0,589,76,66,65
813,pg47744.epub,2414,1721.0,1350,163,80,30
814,pg47771.epub,543,676.0,410,88,59,23
815,pg47772.epub,621,863.0,562,97,47,38
816,pg47773.epub,468,633.5,395,107,51,35
817,pg4790.epub,2156,1879.0,1564,118,66,26
818,pg4794.epub,2413,1786.5,1664,125,36,15
819,pg4795.epub,729,479.0,411,33,52,3
820,pg47997.epub,142,61.0,51,25,10,1
821,pg48297.epub,619,695.0,478,53,32,7
822,pg48482.epub,1230,704.5,587,84,49,16
823,pg48483.epub,1312,719.5,590,55,32,11
824,pg48989.epub,407,388.5,230,17,7,8
825,pg4903.epub,1731,2173.5,1410,224,188,76
826,pg4918.epub,1853,1491.0,1067,245,80,42
827,pg4923.epub,1762,2434.0,1458,76,23,9
828,pg4929.epub,1767,2441.5,1579,84,45,24
829,pg49537.epub,4342,3484.0,2226,126,82,25
830,pg4955.epub,1149,1094.5,900,150,66,34
831,pg49680.epub,3725,3478.5,2361,153,89,27
832,pg49718.epub,1672,987.5,575,373,302,92
833,pg50042.epub,2559,3016.0,1754,173,123,46
834,pg502.epub,2048,1390.0,1087,102,99,31
835,pg50209.epub,2522,2682.5,2139,58,22,11
836,pg50440.epub,4972,4691.0,3023,118,96,40
837,pg50688.epub,1918,1748.0,927,284,172,76
838,pg5094.epub,3054,1484.0,1025,104,60,57
839,pg51251.epub,1885,2281.0,1298,156,105,32
840,pg51455.epub,2129,2712.0,1603,165,95,43
841,pg515.epub,930,715.5,501,102,48,22
842,pg5151.epub,3199,1763.5,1265,124,46,50
843,pg51628.epub,627,749.5,413,111,89,20
844,pg51629.epub,715,895.5,507,78,38,10
845,pg51630.epub,682,832.5,448,92,82,14
846,pg5165.epub,2806,3258.5,1860,140,55,26
847,pg51715.epub,2178,2875.0,1745,189,96,41
848,pg5176.epub,55,899.5,39,73,99,75
849,pg5179.epub,2570,2121.0,1672,177,118,71
850,pg51936.epub,1250,915.5,613,97,84,31
851,pg51937.epub,1231,958.5,624,81,62,32
852,pg51938.epub,2480,1874.0,1237,144,113,47
853,pg51972.epub,2159,1958.0,1440,182,129,79
854,pg51988.epub,1600,1304.0,920,97,73,41
855,pg5234.epub,566,753.0,459,181,81,33
856,pg5235.epub,540,612.0,452,137,49,31
857,pg5236.epub,243,265.5,191,109,51,12
858,pg5237.epub,278,309.5,216,87,61,19
859,pg5238.epub,549,530.5,427,108,69,8
860,pg5239.epub,618,617.0,476,111,94,27
861,pg5240.epub,2791,3091.5,2222,540,271,114
862,pg525.epub,127,62.5,120,21,31,7
863,pg53356.epub,1176,1174.5,911,131,59,24
864,pg53604.epub,2694,2942.0,2216,119,18,38
865,pg53668.epub,1419,1403.5,1021,144,79,39
866,pg547.epub,1889,2389.5,1706,116,80,57
867,pg5622.epub,1283,1203.5,830,115,60,16
868,pg5662.epub,183,161.5,125,21,5,3
869,pg5663.epub,349,157.0,110,113,7,11
870,pg5705.epub,1149,1089.5,820,194,168,78
871,pg5848.epub,663,745.0,556,59,26,8
872,pg5869.epub,448,530.5,308,63,93,45
873,pg587.epub,1541,1236.0,841,190,79,33
874,pg6005.epub,2335,38.0,28,208,121,46
875,pg6028.epub,2795,2601.0,1992,99,47,23
876,pg6057.epub,1901,2168.5,1508,67,36,26
877,pg6060.epub,1419,185.0,92,391,254,137
878,pg6102.epub,2980,2749.0,2181,107,65,18
879,pg6105.epub,734,212.0,128,11,3,5
880,pg6113.epub,2889,2934.0,2254,65,34,19
881,pg6292.epub,507,378.5,254,64,57,13
882,pg6293.epub,313,211.5,161,46,47,18
883,pg6294.epub,778,750.0,575,55,86,26
884,pg6295.epub,1491,1321.5,977,109,123,46
885,pg6296.epub,712,721.5,556,51,49,21
886,pg6297.epub,180,133.5,105,19,15,7
887,pg6298.epub,699,622.0,496,46,35,29
888,pg6299.epub,1574,1477.0,1160,76,67,49
889,pg6311.epub,2520,2056.0,1581,102,42,18
890,pg6376.epub,5976,4064.5,3812,339,168,86
891,pg6410.epub,3464,2877.5,2225,172,93,50
892,pg6474.epub,2688,4207.0,2366,96,42,19
893,pg6517.epub,2080,1522.0,1053,95,112,54
894,pg6526.epub,850,788.0,642,70,34,19
895,pg6592.epub,2122,759.5,534,55,30,27
896,pg6809.epub,1357,1085.5,728,106,54,21
897,pg681.epub,705,630.5,542,66,34,13
898,pg6864.epub,2701,2973.0,2295,241,171,83
899,pg6901.epub,1358,1732.0,1020,172,61,27
900,pg6954.epub,1036,941.5,664,104,41,15
901,pg7063.epub,3257,3029.0,2005,240,147,68
902,pg7085.epub,576,609.5,350,53,14,16
903,pg7119.epub,129,133.5,70,29,14,8
904,pg7171.epub,11,0.0,0,8,0,0
905,pg7183.epub,969,1063.0,637,61,52,40
906,pg726.epub,22,32.0,15,46,28,1
907,pg7424.epub,1867,1810.0,1117,126,26,18
908,pg7757.epub,70,41.0,15,36,11,5
909,pg7758.epub,66,45.5,19,24,12,5
910,pg7759.epub,53,39.0,13,20,4,4
911,pg7760.epub,52,66.5,14,26,11,1
912,pg7761.epub,197,187.0,62,62,26,10
913,pg7827.epub,2913,2768.0,2087,167,149,76
914,pg7842.epub,462,563.0,337,57,56,8
915,pg7855.epub,2895,2797.5,1776,93,72,39
916,pg7866.epub,685,332.0,241,63,21,19
917,pg8073.epub,243,223.0,155,37,31,6
918,pg8087.epub,1878,1784.5,1346,73,53,25
919,pg8131.epub,2151,8.0,8,48,32,13
920,pg8182.epub,684,689.5,493,17,25,5
921,pg8383.epub,666,528.0,368,66,33,15
922,pg8386.epub,995,631.5,522,146,60,39
923,pg8396.epub,5266,2769.5,2211,246,114,58
924,pg8403.epub,1333,1268.5,977,176,101,73
925,pg8464.epub,1544,1889.5,1227,210,135,66
926,pg8522.epub,2853,2810.0,1831,143,61,39
927,pg8549.epub,3106,2301.0,2029,121,118,37
928,pg8569.epub,1618,1673.5,995,165,113,89
929,pg8570.epub,1990,1969.5,1171,146,69,50
930,pg8596.epub,1791,1578.0,1165,173,158,59
931,pg8671.epub,1517,1684.0,1021,104,56,22
932,pg8711.epub,3166,2826.0,1949,101,72,27
933,pg8741.epub,711,642.5,465,33,34,9
934,pg8805.epub,1772,1357.5,946,98,64,40
935,pg8865.epub,912,890.5,686,50,24,10
936,pg8883.epub,1816,517.5,421,315,224,60
937,pg8899.epub,1168,653.0,429,95,71,16
938,pg9052.epub,3358,50.0,39,344,197,98
939,pg9087.epub,3625,122.0,83,225,179,70
940,pg9111.epub,1408,693.0,597,124,72,20
941,pg9189.epub,3402,2292.0,1842,242,170,67
942,pg9259.epub,2587,2161.0,1547,349,253,129
943,pg9305.epub,1173,1129.0,973,61,61,29
944,pg9311.epub,901,1186.5,693,67,33,19
945,pg9362.epub,2462,2078.0,1471,359,228,137
946,pg9379.epub,2980,65.0,56,65,77,38
947,pg9387.epub,119,81.0,92,34,24,9
948,pg9410.epub,2060,1817.5,1332,88,28,26
949,pg9746.epub,17,9.0,6,4,9,1
950,pg9747.epub,2310,2577.0,1910,137,63,47
951,pg9807.epub,1496,2090.5,1095,98,70,40
952,pg9809.epub,2060,1224.5,1029,113,106,44
953,pg9849.epub,2505,2492.0,1910,111,74,37
954,pg9926.epub,2523,2724.0,2033,162,76,37
955,pg9927.epub,2136,2177.5,1506,113,126,50
956,pg9967.epub,2444,2177.5,1889,109,68,52
957,pg9993.epub,2280,2112.5,1470,144,67,37
958,pg105JaneAusPersuatn.epub,1003,781.0,535,98,90,23
959,pg108DoyleReturnSherlk.epub,2538,2421.5,2005,242,190,123
960,pg1155Agatha2.epub,3196,2790.5,2225,131,91,53
961,pg11CarolAlice.epub,751,44.0,37,34,15,15
962,pg12CarolGlassLook.epub,855,81.0,66,25,17,15
963,pg1342JaneAustenPP.epub,2041,1754.5,1325,97,60,32
964,pg13720HermanVoyage1.epub,1702,488.0,360,308,260,59
965,pg13721HermanVoyage2.epub,2572,2095.0,1585,304,216,52
966,pg1400DickensGreatExp.epub,3818,3916.5,2601,170,130,63
967,pg141JaneAusMansPark.epub,1782,1644.0,1143,135,84,35
968,pg158JaneAustenEmma.epub,2291,2091.5,1565,124,68,36
969,pg161SJaneAusSensSensi.epub,1801,1538.5,1072,103,71,36
970,pg19337DickensChristCarl.epub,714,695.0,443,59,19,13
971,pg2097DoyleSignFour.epub,770,847.0,654,95,108,37
972,pg2147EdgarPoe1.epub,723,525.0,481,256,150,60
973,pg2148EdgarPoe2.epub,846,520.0,394,155,123,37
974,pg2149EdgarPoe3.epub,609,301.0,214,194,139,45
975,pg2150EdgarPoe4.epub,947,865.5,515,339,140,81
976,pg21816HermanConfidence.epub,1833,2029.0,1563,179,163,59
977,pg2684Galsw4.epub,2352,1807.5,1589,189,106,51
978,pg2701HermanMobyDick.epub,2404,1493.5,1154,470,396,157
979,pg2852DoyleHound.epub,1452,1376.5,1186,70,70,29
980,pg29042CarolTangTale.epub,538,763.0,363,170,47,43
981,pg2911Galsw2.epub,792,36.0,16,42,11,11
982,pg2919Galsw5.epub,141,2.0,2,15,2,1
983,pg34970HermanPierre.epub,1861,1242.0,998,236,139,71
984,pg4045HermanOmmo.epub,1092,412.0,299,143,134,53
985,pg4397Galsw1.epub,2152,1092.0,764,174,117,55
986,pg4763CarolLogik.epub,238,309.0,128,6,10,4
987,pg4765Galsw3.epub,944,8.0,8,78,14,18
988,pg537DoyleTerrorTales.epub,1145,867.0,760,192,163,82
989,pg620CarolBruno.epub,1778,2396.5,1473,76,39,39
990,pg730DickensOliverTw.epub,3839,45.0,18,133,91,37
991,pg766DickensDavidCopfld.epub,7081,203.5,122,274,187,121
992,pg786DickensHardTimes.epub,2256,27.0,16,111,55,64
993,pg834DoyleMemoirsSherlk.epub,2056,1913.0,1820,184,142,77
994,pg863Agatha1.epub,2533,2211.5,1818,80,36,24
995,pg98DickensTaleCities.epub,386,291.5,240,25,31,11
